delivery_id,order_id,driver_id,vehicle_id,hub_id,dispatch_time,delivery_completed_at,delivery_status,route_distance_km,manual_route_override_count,proof_of_completion_missing,customer_rating_post_delivery,fuel_or_charge_cost,delivery_time_hours,customer_id,promised_window_hours,pickup_zone,dropoff_zone,delay_flag,has_complaint,has_incident
DL00001,O00938,D004,V056,H05,2024-06-18 10:57:00,2026-05-14 05:59:54,Failed,17.26,1,0,3.07,12.05,16675.05,C0567,6,Central,Central,True,0.0,1.0
DL00002,O00004,D138,V007,H02,2025-01-11 18:45:00,,OnTime,10.34,1,0,5.0,13.41,0.0,C0520,2,Riverside,North,False,0.0,0.0
DL00003,O00639,D006,V049,H02,2025-06-02 20:39:00,,OnTime,7.92,0,0,4.98,8.51,0.0,C0480,2,Central,North,False,0.0,0.0
DL00004,O00313,D116,V055,H02,2024-03-08 23:31:00,,Delayed,16.42,0,0,4.18,13.62,0.0,C0616,24,South,North,False,0.0,0.0
DL00005,O00844,D108,V034,H01,2025-09-21 11:43:00,,OnTime,14.52,1,0,4.18,9.22,0.0,C0276,6,Riverside,Riverside,False,0.0,0.0
DL00006,O00029,D037,V098,H03,2024-09-11 12:40:00,2026-05-14 11:52:24,Delayed,13.84,0,0,1.57,9.58,14639.21,C0366,24,East,Ctr,True,0.0,0.0
DL00007,O00097,D151,V037,H07,2024-01-09 13:41:00,,Delayed,32.72,0,0,4.64,17.7,0.0,C0303,24,Airport,Airport,False,0.0,0.0
DL00008,O00207,D082,V066,H03,2024-08-22 21:34:00,2026-05-14 22:21:30,OnTime,7.16,1,0,3.76,11.66,15120.79,C0023,6,Ctr,Riverside,True,0.0,0.0
DL00009,O00297,D088,V029,H05,2024-04-12 21:33:00,2026-05-14 18:52:42,OnTime,40.23,1,0,3.7,15.78,18285.33,C0560,6,Airport,Riverside,True,0.0,1.0
DL00010,O00836,D058,V057,H08,2025-09-22 19:09:00,2026-05-14 15:29:12,Failed,9.85,1,0,3.2,9.31,5612.34,C0186,6,South,North,True,1.0,0.0
DL00011,O00202,D074,V117,H04,2024-02-02 03:09:00,,OnTime,13.85,0,0,4.36,15.17,0.0,C0449,1,South,West,False,1.0,1.0
DL00012,O01207,D051,V017,H05,2024-12-26 19:41:00,,Failed,16.96,3,0,4.04,16.98,0.0,C0197,6,Central,Riverside,False,0.0,0.0
DL00013,O01031,D105,V085,H04,2025-01-26 08:29:00,,OnTime,6.01,2,0,3.96,11.52,0.0,C0578,6,East,Central,False,0.0,1.0
DL00014,O00725,D102,V008,H05,2024-05-07 12:40:00,,OnTime,16.46,0,0,3.67,11.74,0.0,C0153,12,East,West,False,0.0,1.0
DL00015,O00394,D067,V056,H04,2024-08-16 22:47:00,2026-05-14 15:56:06,OnTime,26.58,3,0,4.47,21.64,15257.15,C0479,12,Airport,West,True,0.0,0.0
DL00016,O01220,D010,V091,H08,2025-06-12 01:47:00,,OnTime,18.25,1,0,5.0,12.61,0.0,C0006,6,West,Airport,False,0.0,1.0
DL00017,O01249,D002,V008,H05,2024-08-25 18:26:00,2026-05-14 05:42:06,Delayed,20.79,0,0,1.0,15.62,15035.27,C0572,1,Central,Riverside,True,0.0,0.0
DL00018,O00611,D011,V001,H01,2025-07-29 10:52:00,,OnTime,13.67,0,0,4.46,16.18,0.0,C0374,2,West,West,False,0.0,0.0
DL00019,O01167,D026,V004,H06,2024-06-25 23:58:00,,OnTime,16.35,4,0,4.97,13.97,0.0,C0336,6,Central,East,False,0.0,1.0
DL00020,O00054,D157,V065,H01,2025-03-29 12:59:00,,OnTime,24.31,0,0,4.15,12.61,0.0,C0478,4,North,North,False,0.0,0.0
DL00021,O00250,D117,V081,H08,2025-04-24 14:20:00,2026-05-14 20:52:54,OnTime,9.77,4,0,4.07,6.43,9246.55,C0300,24,Central,North,True,0.0,0.0
DL00022,O01027,D088,V011,H07,2025-08-24 00:21:00,,Failed,15.81,0,0,3.5,15.62,0.0,C0492,4,East,Central,False,0.0,0.0
DL00023,O00768,D046,V021,H08,2025-06-12 01:16:00,,OnTime,4.29,1,0,5.0,2.5,0.0,C0606,4,Central,West,False,0.0,0.0
DL00024,O01054,D045,V029,H02,2025-08-19 14:33:00,2026-05-14 11:44:36,OnTime,8.58,0,0,4.78,14.62,6429.19,C0216,4,South,Airport,True,0.0,0.0
DL00025,O00288,D130,V098,H04,2025-09-08 19:57:00,,OnTime,7.41,0,0,5.0,7.2,0.0,C0542,4,South,Central,False,0.0,0.0
DL00026,O00906,D092,V055,H04,2025-02-04 11:16:00,,Failed,14.27,2,0,2.23,10.04,0.0,C0480,24,West,Riverside,False,0.0,0.0
DL00027,O00827,D057,V054,H02,2024-01-01 03:20:00,2026-05-14 13:30:54,OnTime,13.27,0,0,4.15,9.05,20746.18,C0152,24,East,South,True,0.0,1.0
DL00028,O00087,D165,V022,H08,2024-11-12 15:52:00,2026-05-14 15:00:24,Delayed,15.53,2,0,2.7,13.05,13151.14,C0476,4,South,North,True,1.0,0.0
DL00029,O00723,D126,V086,H07,2024-05-15 06:49:00,,OnTime,9.43,1,0,3.72,8.72,0.0,C0075,1,North,Central,False,0.0,0.0
DL00030,O00780,D034,V068,H03,2024-06-16 18:57:00,2026-05-14 22:12:30,OnTime,7.71,1,0,4.1,16.42,16731.26,C0490,1,West,North,True,0.0,0.0
DL00031,O00830,D037,V061,H01,2025-07-23 23:32:00,2026-05-14 21:38:12,OnTime,12.06,0,0,4.1,14.98,7078.1,C0347,2,South,South,True,0.0,0.0
DL00032,O00010,D045,V010,H08,2025-01-29 02:58:00,,OnTime,15.58,1,0,4.23,13.75,0.0,C0171,6,South,North,False,0.0,1.0
DL00033,O00885,D041,V075,H06,2024-11-17 14:01:00,,Failed,11.72,0,1,4.13,18.12,0.0,C0338,24,Riverside,Central,False,0.0,0.0
DL00034,O01081,D157,V110,H04,2025-06-18 12:01:00,2026-05-14 14:57:06,Delayed,14.68,0,0,4.4,9.44,7922.94,C0581,2,West,Airport,True,0.0,0.0
DL00035,O00275,D015,V038,H07,2025-05-21 21:35:00,,OnTime,22.05,0,0,4.96,14.78,0.0,C0473,6,South,East,False,0.0,0.0
DL00036,O00652,D158,V106,H06,2024-11-08 22:14:00,2026-05-14 09:13:00,OnTime,15.77,1,0,4.35,13.68,13234.98,C0331,4,South,West,True,1.0,1.0
DL00037,O00185,D010,V113,H05,2025-05-15 02:24:00,2026-05-14 10:07:42,OnTime,23.49,1,0,4.21,11.21,8743.73,C0482,24,East,Central,True,0.0,0.0
DL00038,O00727,D096,V002,H02,2025-10-26 15:31:00,,Failed,8.82,2,0,3.43,13.21,0.0,C0499,2,South,South,False,0.0,1.0
DL00039,O00542,D090,V034,H08,2025-07-26 15:58:00,2026-05-14 22:45:42,Failed,17.13,1,0,2.51,16.3,7014.8,C0504,4,Central,East,True,0.0,0.0
DL00040,O00919,D027,V036,H04,2025-02-01 08:38:00,2026-05-14 04:35:18,Failed,9.53,1,0,1.68,11.11,11203.96,C0619,4,Riverside,North,True,1.0,0.0
DL00041,O00750,D100,V057,H08,2024-02-01 08:58:00,,Failed,15.88,3,1,2.94,13.19,0.0,C0368,6,North,South,False,1.0,0.0
DL00042,O00009,D146,V020,H01,2024-10-04 01:05:00,,OnTime,12.02,0,0,4.45,11.41,0.0,C0141,12,North,East,False,0.0,1.0
DL00043,O00453,D110,V039,H07,2024-12-04 15:46:00,,OnTime,11.94,0,0,4.24,11.81,0.0,C0224,6,South,West,False,1.0,0.0
DL00044,O00147,D049,V020,H01,2024-07-12 09:47:00,2026-05-14 20:42:54,OnTime,4.63,0,0,4.34,12.87,16114.93,C0096,6,North,West,True,1.0,0.0
DL00045,O00924,D157,V051,H08,2025-11-07 00:32:00,2026-05-14 03:01:36,OnTime,10.61,1,0,5.0,14.13,4514.49,C0139,24,West,Ctr,True,0.0,0.0
DL00046,O00101,D088,V046,H05,2025-10-30 07:35:00,,OnTime,5.53,2,0,3.09,11.27,0.0,C0633,24,West,West,False,0.0,0.0
DL00047,O00263,D045,V091,H06,2024-02-19 04:07:00,,OnTime,16.33,0,0,5.0,10.25,0.0,C0031,2,West,Central,False,1.0,0.0
DL00048,O00358,D045,V093,H05,2024-03-20 13:40:00,2026-05-14 11:50:54,Delayed,7.37,0,0,3.33,14.67,18838.18,C0273,4,Riverside,Central,True,0.0,0.0
DL00049,O01076,D091,V018,H02,2024-09-29 01:23:00,,OnTime,12.55,0,0,3.52,6.93,0.0,C0035,6,South,Airport,False,0.0,0.0
DL00050,O00534,D065,V046,H06,2025-09-05 05:03:00,,OnTime,26.85,0,0,5.0,14.34,0.0,C0159,2,Airport,Ctr,False,0.0,1.0
DL00051,O00785,D150,V055,H07,2025-12-31 17:27:00,2026-05-14 05:52:24,OnTime,8.02,0,0,4.31,14.59,3204.42,C0378,4,East,Central,True,0.0,0.0
DL00052,O00554,D168,V020,H08,2025-05-06 10:37:00,,Delayed,26.38,1,1,2.52,24.54,0.0,C0117,2,Airport,Riverside,False,0.0,1.0
DL00053,O00302,D018,V099,H01,2025-07-10 18:38:00,2026-05-14 06:29:36,OnTime,14.14,0,0,3.63,10.32,7379.86,C0558,24,Riverside,Central,True,0.0,0.0
DL00054,O01044,D117,V079,H01,2025-02-14 07:41:00,,Delayed,29.8,1,0,4.7,22.28,0.0,C0190,12,Airport,Riverside,False,0.0,0.0
DL00055,O00819,D069,V018,H04,2025-04-28 21:37:00,,Delayed,35.07,5,1,2.78,22.2,0.0,C0098,4,Airport,West,False,0.0,0.0
DL00056,O00698,D137,V081,H08,2024-10-22 21:45:00,2026-05-14 00:19:18,OnTime,13.46,2,0,4.01,6.52,13634.57,C0550,2,South,Central,True,0.0,1.0
DL00057,O00921,D141,V077,H04,2024-12-09 10:53:00,2026-05-14 18:39:48,Failed,10.91,0,0,1.22,6.59,12511.78,C0448,4,East,Central,True,0.0,1.0
DL00058,O01062,D125,V082,H02,2024-10-26 18:46:00,2026-05-14 22:57:54,OnTime,15.33,0,0,5.0,7.95,13564.2,C0559,4,East,Central,True,0.0,0.0
DL00059,O00521,D027,V088,H05,2025-11-26 14:07:00,,Delayed,36.28,3,0,3.11,17.45,0.0,C0109,1,Airport,South,False,0.0,0.0
DL00060,O00236,D005,V026,H02,2024-11-26 16:01:00,,Delayed,13.92,1,1,2.35,9.48,0.0,C0429,2,East,South,False,0.0,0.0
DL00061,O00635,D083,V059,H08,2024-12-06 06:18:00,2026-05-14 02:21:30,OnTime,10.51,1,0,3.8,10.6,12572.06,C0314,2,Central,North,True,0.0,0.0
DL00062,O00567,D061,V007,H02,2024-02-24 16:31:00,,OnTime,1.2,0,0,5.0,7.32,0.0,C0144,24,South,Riverside,False,0.0,1.0
DL00063,O00931,D154,V094,H03,2024-03-07 11:20:00,2026-05-14 02:37:54,OnTime,15.95,0,0,5.0,14.6,19143.3,C0213,4,North,North,True,1.0,0.0
DL00064,O01236,D075,V004,H03,2025-05-30 00:35:00,,Delayed,10.36,0,0,2.34,7.13,0.0,C0543,12,South,Airport,False,1.0,0.0
DL00065,O01234,D050,V065,H01,2024-02-24 01:55:00,,OnTime,1.67,1,0,4.63,6.2,0.0,C0163,2,West,North,False,0.0,0.0
DL00066,O00568,D118,V083,H01,2025-12-19 20:41:00,2026-05-14 15:32:48,OnTime,22.39,0,0,4.03,18.25,3498.86,C0412,6,Central,Riverside,True,0.0,0.0
DL00067,O00842,D152,V023,H01,2025-07-04 04:43:00,,OnTime,12.34,1,0,4.61,11.04,0.0,C0588,12,Central,East,False,0.0,0.0
DL00068,O00828,D104,V046,H08,2024-02-19 15:15:00,,Failed,19.75,1,0,3.73,16.14,0.0,C0025,24,West,West,False,0.0,1.0
DL00069,O01039,D010,V074,H07,2025-05-01 11:46:00,,Failed,16.76,1,0,4.17,10.73,0.0,C0171,6,West,Riverside,False,1.0,0.0
DL00070,O00370,D018,V036,H07,2024-11-21 18:37:00,,OnTime,16.35,0,0,4.64,18.11,0.0,C0021,4,South,South,False,0.0,0.0
DL00071,O00796,D093,V080,H02,2025-01-28 06:57:00,,Delayed,20.37,1,0,3.57,18.14,0.0,C0385,6,Ctr,North,False,0.0,0.0
DL00072,O00402,D110,V027,H05,2025-11-20 06:20:00,2026-05-14 21:38:36,Delayed,28.51,0,0,3.28,15.11,4215.31,C0104,4,West,East,True,0.0,1.0
DL00073,O00421,D141,V092,H08,2025-07-23 07:06:00,,OnTime,19.34,3,0,4.68,17.54,0.0,C0599,24,Riverside,East,False,1.0,1.0
DL00074,O01195,D030,V092,H04,2025-01-04 08:41:00,2026-05-14 01:18:48,Failed,17.61,1,0,4.42,14.79,11872.63,C0529,2,Airport,Central,True,0.0,0.0
DL00075,O01239,D169,V047,H02,2024-08-06 04:24:00,2026-05-14 22:04:18,OnTime,13.25,3,0,3.24,11.94,15521.67,C0392,2,South,West,True,0.0,1.0
DL00076,O00815,D120,V004,H01,2024-02-25 17:02:00,,OnTime,27.51,3,0,5.0,15.16,0.0,C0347,24,Airport,Airport,False,0.0,0.0
DL00077,O01040,D094,V067,H04,2025-12-27 22:16:00,,Delayed,32.97,3,0,2.81,18.07,0.0,C0290,4,Airport,Central,False,0.0,0.0
DL00078,O00173,D144,V088,H02,2025-02-18 08:26:00,,Failed,10.92,1,0,2.87,9.05,0.0,C0371,2,Ctr,Central,False,0.0,0.0
DL00079,O00920,D009,V102,H08,2024-08-01 12:06:00,,OnTime,7.18,0,0,4.91,12.79,0.0,C0242,12,Riverside,East,False,1.0,0.0
DL00080,O01137,D030,V022,H04,2025-10-14 08:21:00,,OnTime,16.29,0,0,4.42,14.17,0.0,C0213,2,South,Central,False,0.0,1.0
DL00081,O00716,D166,V056,H04,2024-10-22 06:38:00,2026-05-14 18:42:36,Delayed,9.77,1,1,3.58,12.68,13668.08,C0072,6,East,North,True,0.0,0.0
DL00082,O00669,D008,V048,H03,2025-07-15 15:38:00,,OnTime,3.98,1,0,4.76,5.86,0.0,C0529,12,North,East,False,0.0,0.0
DL00083,O00451,D053,V043,H05,2025-02-15 18:28:00,,Delayed,2.13,0,0,1.44,11.27,0.0,C0012,12,East,Riverside,False,0.0,0.0
DL00084,O00784,D063,V117,H05,2025-03-07 03:24:00,,Failed,6.83,0,0,3.63,9.07,0.0,C0308,12,East,South,False,0.0,0.0
DL00085,O00160,D127,V032,H06,2024-08-20 19:18:00,,OnTime,9.49,5,0,3.85,16.32,0.0,C0478,6,Central,East,False,0.0,0.0
DL00086,O01013,D159,V063,H02,2025-08-22 17:32:00,,OnTime,17.4,0,0,3.75,12.23,0.0,C0185,4,Ctr,North,False,0.0,0.0
DL00087,O00630,D034,V099,H07,2025-03-28 15:08:00,,OnTime,17.98,0,0,4.11,13.23,0.0,C0369,2,Central,Ctr,False,0.0,0.0
DL00088,O00657,D088,V043,H04,2024-02-28 23:43:00,2026-05-14 16:11:24,OnTime,5.99,0,0,4.43,2.5,19336.47,C0135,6,South,Central,True,0.0,0.0
DL00089,O00241,D010,V112,H03,2025-04-01 15:27:00,,Failed,8.27,0,0,2.56,6.94,0.0,C0117,2,West,North,False,0.0,1.0
DL00090,O01097,D027,V065,H04,2024-07-14 23:21:00,2026-05-14 00:31:48,OnTime,33.86,3,0,4.76,24.2,16033.18,C0390,12,Airport,North,True,0.0,0.0
DL00091,O00941,D116,V044,H04,2024-08-12 15:04:00,,OnTime,14.47,0,0,5.0,10.57,0.0,C0571,1,West,West,False,1.0,0.0
DL00092,O00736,D105,V016,H01,2024-01-25 00:39:00,,OnTime,7.66,1,0,4.72,8.17,0.0,C0390,12,Central,East,False,1.0,0.0
DL00093,O00579,D028,V032,H05,2025-09-05 12:14:00,,OnTime,19.68,3,0,3.69,18.64,0.0,C0624,4,Airport,South,False,0.0,0.0
DL00094,O01026,D034,V012,H04,2025-05-26 22:56:00,,Delayed,4.66,0,0,3.72,16.6,0.0,C0309,1,West,Ctr,False,0.0,1.0
DL00095,O00416,D031,V005,H08,2024-01-07 23:00:00,,OnTime,28.69,1,0,5.0,13.48,0.0,C0552,2,Airport,Airport,False,0.0,1.0
DL00096,O00961,D077,V110,H01,2025-03-18 16:23:00,,Delayed,1.2,0,0,3.24,2.61,0.0,C0307,4,Ctr,Airport,False,0.0,1.0
DL00097,O00794,D170,V109,H07,2024-07-16 22:51:00,,Failed,10.54,1,0,3.58,3.56,0.0,C0415,12,Central,Airport,False,0.0,1.0
DL00098,O00631,D004,V072,H07,2025-07-05 09:16:00,,Failed,3.86,1,0,4.43,15.58,0.0,C0574,2,South,Riverside,False,0.0,0.0
DL00099,O00835,D127,V093,H01,2024-05-26 18:57:00,,OnTime,5.6,2,0,4.75,13.26,0.0,C0317,6,South,Airport,False,0.0,0.0
DL00100,O00205,D120,V097,H05,2025-02-05 16:42:00,2026-05-14 09:53:42,Failed,8.64,0,0,3.14,13.47,11105.2,C0246,6,North,South,True,0.0,0.0
DL00101,O00354,D141,V115,H06,2025-12-02 18:06:00,2026-05-14 18:47:00,OnTime,21.63,0,0,4.12,14.3,3912.68,C0154,2,East,Riverside,True,0.0,0.0
DL00102,O00578,D031,V022,H02,2024-03-04 09:56:00,,Delayed,9.18,0,0,3.08,11.31,0.0,C0639,4,Ctr,Central,False,0.0,0.0
DL00103,O00269,D004,V036,H04,2024-12-01 01:20:00,,Failed,6.26,2,0,2.24,9.31,0.0,C0175,6,North,Riverside,False,0.0,0.0
DL00104,O00390,D102,V111,H06,2024-03-06 12:50:00,2026-05-14 08:19:06,OnTime,8.75,0,0,4.45,7.5,19171.48,C0150,6,North,North,True,0.0,0.0
DL00105,O00596,D020,V043,H01,2025-10-02 04:09:00,,OnTime,18.52,0,0,3.73,20.45,0.0,C0394,12,South,East,False,0.0,0.0
DL00106,O00039,D040,V015,H05,2025-08-01 08:30:00,2026-05-14 18:45:00,OnTime,18.02,0,0,4.92,15.57,6874.25,C0351,6,East,Riverside,True,0.0,0.0
DL00107,O00175,D120,V074,H05,2025-12-19 20:22:00,,OnTime,6.47,1,0,4.69,8.8,0.0,C0562,4,Riverside,West,False,1.0,0.0
DL00108,O00620,D084,V009,H06,2024-11-08 01:38:00,2026-05-14 02:54:48,OnTime,13.73,1,0,4.73,17.52,13249.28,C0467,2,South,West,True,0.0,1.0
DL00109,O00019,D014,V083,H05,2024-03-31 09:02:00,2026-05-14 20:28:54,OnTime,16.7,1,0,3.52,16.91,18587.45,C0425,6,North,Central,True,0.0,0.0
DL00110,O00045,D024,V042,H03,2024-02-13 21:24:00,2026-05-14 15:37:24,OnTime,14.39,1,0,4.74,8.64,19698.22,C0326,6,South,Airport,True,1.0,0.0
DL00111,O00105,D081,V090,H06,2024-07-09 23:17:00,,OnTime,18.8,0,0,5.0,20.02,0.0,C0070,4,North,East,False,1.0,0.0
DL00112,O00848,D068,V049,H05,2025-06-03 14:51:00,,OnTime,10.88,3,0,3.68,8.03,0.0,C0489,6,North,South,False,1.0,0.0
DL00113,O00607,D072,V083,H05,2025-08-30 19:15:00,,OnTime,7.42,0,0,2.94,15.7,0.0,C0576,12,West,West,False,0.0,0.0
DL00114,O01196,D074,V114,H02,2024-04-12 03:31:00,,Delayed,16.99,0,0,2.62,19.44,0.0,C0109,4,South,East,False,0.0,0.0
DL00115,O01132,D030,V116,H04,2025-05-04 01:04:00,,OnTime,18.75,1,0,4.35,8.08,0.0,C0588,2,South,Riverside,False,0.0,0.0
DL00116,O00121,D023,V047,H06,2025-10-14 13:45:00,2026-05-14 06:51:42,Delayed,19.9,0,0,2.92,21.64,5081.11,C0604,6,East,North,True,0.0,1.0
DL00117,O00559,D080,V119,H06,2025-04-24 08:49:00,,Delayed,11.84,0,1,2.46,17.91,0.0,C0167,12,North,East,False,0.0,0.0
DL00118,O00660,D143,V004,H01,2024-06-05 01:27:00,2026-05-14 05:09:42,Failed,11.45,3,0,2.16,8.94,16995.71,C0288,4,Central,Airport,True,0.0,0.0
DL00119,O01011,D076,V037,H03,2024-02-28 07:57:00,,Failed,32.37,3,0,1.71,25.09,0.0,C0257,12,Airport,South,False,0.0,0.0
DL00120,O00007,D128,V047,H06,2024-05-05 22:10:00,2026-05-14 05:17:36,Delayed,9.07,1,1,3.93,9.76,17719.13,C0001,2,Central,Airport,True,1.0,0.0
DL00121,O00091,D078,V100,H05,2024-03-14 02:36:00,,OnTime,18.81,0,0,3.92,11.62,0.0,C0564,6,West,Airport,False,0.0,1.0
DL00122,O00434,D122,V092,H01,2025-10-25 21:25:00,2026-05-14 15:00:00,OnTime,29.52,4,0,4.63,10.56,4817.58,C0500,1,Airport,Riverside,True,0.0,0.0
DL00123,O00284,D030,V025,H04,2024-04-02 13:26:00,2026-05-14 11:28:12,OnTime,13.45,2,0,4.75,12.86,18526.04,C0363,24,North,Airport,True,0.0,0.0
DL00124,O00210,D113,V040,H05,2024-05-14 20:07:00,2026-05-14 02:59:06,OnTime,14.23,2,0,4.78,19.49,17502.87,C0347,4,East,West,True,0.0,0.0
DL00125,O00472,D021,V109,H05,2024-02-22 10:05:00,,OnTime,14.25,3,0,3.68,12.59,0.0,C0636,4,South,Riverside,False,0.0,0.0
DL00126,O00547,D159,V001,H07,2024-04-09 14:36:00,2026-05-14 11:28:06,Delayed,17.68,0,0,2.6,10.92,18356.87,C0640,24,Central,South,True,0.0,1.0
DL00127,O01072,D026,V099,H02,2024-10-05 00:19:00,2026-05-14 08:10:06,Delayed,16.56,2,0,2.12,11.9,14071.85,C0384,6,West,North,True,0.0,0.0
DL00128,O00868,D089,V099,H07,2024-05-18 16:31:00,,OnTime,9.43,0,0,4.47,10.47,0.0,C0037,4,Central,West,False,0.0,0.0
DL00129,O00425,D030,V078,H08,2024-11-27 08:41:00,2026-05-14 07:10:18,OnTime,21.27,3,0,5.0,11.59,12790.49,C0550,4,Airport,East,True,1.0,0.0
DL00130,O00400,D113,V042,H03,2025-06-20 08:41:00,,OnTime,17.1,0,0,3.87,13.53,0.0,C0426,6,North,East,False,1.0,0.0
DL00131,O00890,D037,V096,H07,2025-07-05 10:26:00,,OnTime,16.59,0,0,4.33,3.25,0.0,C0232,24,Central,East,False,0.0,1.0
DL00132,O00688,D058,V061,H03,2024-04-25 08:29:00,2026-05-14 02:10:06,OnTime,19.79,0,0,4.62,5.66,17969.69,C0332,6,North,West,True,0.0,0.0
DL00133,O00761,D083,V070,H03,2025-08-12 05:33:00,,OnTime,17.73,1,0,3.29,10.88,0.0,C0237,12,North,East,False,0.0,0.0
DL00134,O00334,D135,V071,H03,2024-05-23 12:01:00,,OnTime,13.27,0,0,3.88,7.63,0.0,C0500,4,Riverside,South,False,0.0,0.0
DL00135,O00225,D069,V075,H03,2025-07-28 04:31:00,2026-05-14 14:21:36,Failed,10.34,2,0,3.6,9.3,6969.84,C0290,1,Riverside,Riverside,True,0.0,1.0
DL00136,O00527,D032,V106,H06,2024-04-05 06:41:00,2026-05-14 08:14:12,OnTime,4.06,1,0,4.45,5.7,18457.55,C0203,6,South,Airport,True,0.0,0.0
DL00137,O01216,D053,V109,H07,2025-08-28 20:12:00,,Delayed,13.46,2,0,2.72,11.11,0.0,C0382,6,West,Airport,False,0.0,0.0
DL00138,O00705,D019,V071,H04,2025-09-09 22:58:00,2026-05-14 00:03:24,OnTime,11.23,2,0,4.75,15.22,5905.09,C0013,6,North,Riverside,True,0.0,0.0
DL00139,O01215,D140,V084,H05,2025-08-05 03:23:00,,OnTime,12.23,0,0,3.57,13.59,0.0,C0054,12,North,Airport,False,0.0,1.0
DL00140,O00656,D079,V050,H06,2025-01-08 00:27:00,,Delayed,15.69,0,1,2.23,11.96,0.0,C0211,6,West,North,False,0.0,0.0
DL00141,O00021,D166,V094,H04,2024-10-16 12:41:00,,OnTime,10.45,1,0,4.77,7.89,0.0,C0218,2,West,North,False,0.0,0.0
DL00142,O00612,D158,V016,H08,2025-05-19 20:32:00,,OnTime,4.04,2,0,3.27,15.78,0.0,C0169,4,West,East,False,0.0,0.0
DL00143,O00757,D026,V051,H04,2025-02-22 08:56:00,,Delayed,22.37,0,0,3.64,19.33,0.0,C0466,12,East,South,False,0.0,0.0
DL00144,O00170,D016,V016,H06,2024-06-24 09:02:00,,OnTime,25.98,4,0,4.84,27.38,0.0,C0005,4,Airport,Airport,False,0.0,0.0
DL00145,O00668,D155,V081,H06,2025-07-11 00:42:00,,OnTime,29.37,2,0,3.95,18.72,0.0,C0649,6,Airport,North,False,0.0,0.0
DL00146,O00058,D052,V094,H03,2025-12-16 06:56:00,,OnTime,22.04,0,0,4.37,6.16,0.0,C0083,2,South,East,False,0.0,0.0
DL00147,O01116,D123,V017,H06,2024-11-13 14:46:00,,OnTime,1.21,1,0,4.08,14.96,0.0,C0556,6,East,West,False,0.0,0.0
DL00148,O00817,D087,V120,H05,2025-12-31 09:02:00,2026-05-14 10:07:18,OnTime,16.75,1,0,4.04,15.84,3217.09,C0391,2,North,South,True,1.0,1.0
DL00149,O00789,D024,V099,H08,2024-12-11 13:03:00,,OnTime,5.74,2,0,3.83,3.72,0.0,C0201,6,Central,Riverside,False,1.0,0.0
DL00150,O01164,D083,V042,H07,2025-06-09 18:46:00,2026-05-14 04:10:54,Delayed,10.43,0,0,2.83,10.61,8121.42,C0530,4,Riverside,West,True,0.0,0.0
DL00151,O00376,D131,V048,H03,2025-01-21 09:34:00,2026-05-14 14:52:24,OnTime,12.77,1,0,4.77,10.12,11477.31,C0286,12,North,West,True,0.0,0.0
DL00152,O00146,D121,V047,H01,2025-10-10 01:22:00,2026-05-14 11:11:18,OnTime,3.02,0,0,4.71,8.34,5193.82,C0168,12,East,South,True,0.0,0.0
DL00153,O00893,D115,V007,H01,2024-08-05 08:55:00,2026-05-14 10:16:06,Failed,12.85,1,0,3.96,15.21,15529.35,C0391,2,South,South,True,0.0,1.0
DL00154,O00071,D018,V110,H08,2024-09-01 00:47:00,2026-05-14 07:26:18,Failed,7.04,1,0,4.2,5.23,14886.66,C0109,1,North,South,True,1.0,0.0
DL00155,O00061,D048,V052,H02,2024-07-12 03:31:00,,OnTime,24.74,1,0,4.46,18.46,0.0,C0289,6,Airport,North,False,0.0,0.0
DL00156,O01086,D100,V085,H08,2024-03-05 21:40:00,2026-05-14 03:18:42,Delayed,31.74,2,0,2.18,17.62,19181.64,C0276,4,Airport,South,True,0.0,0.0
DL00157,O01089,D144,V040,H06,2025-05-18 05:27:00,2026-05-14 03:36:36,OnTime,12.43,2,0,5.0,13.52,8662.16,C0035,2,Riverside,North,True,0.0,0.0
DL00158,O00643,D031,V072,H08,2025-04-10 19:05:00,,Delayed,29.34,3,0,3.8,15.45,0.0,C0349,1,Airport,Riverside,False,0.0,0.0
DL00159,O00213,D120,V020,H05,2024-12-05 20:07:00,2026-05-14 13:18:42,OnTime,11.73,0,0,5.0,21.25,12593.2,C0512,12,West,Riverside,True,0.0,0.0
DL00160,O00874,D108,V085,H04,2024-06-15 16:06:00,2026-05-14 00:31:48,OnTime,16.67,1,0,5.0,9.13,16736.43,C0360,6,East,West,True,0.0,0.0
DL00161,O00624,D055,V098,H01,2025-04-13 04:37:00,2026-05-14 10:40:18,OnTime,16.98,0,0,4.28,11.8,9510.06,C0117,24,West,Ctr,True,0.0,0.0
DL00162,O00854,D122,V071,H02,2024-09-01 04:30:00,2026-05-14 10:42:00,OnTime,25.94,0,0,4.84,11.4,14886.2,C0343,4,Airport,Airport,True,0.0,0.0
DL00163,O01007,D121,V056,H07,2024-09-24 08:50:00,,Delayed,9.31,0,0,2.51,8.76,0.0,C0556,12,Riverside,Riverside,False,0.0,0.0
DL00164,O00066,D045,V120,H03,2024-06-21 11:36:00,,OnTime,17.31,0,0,3.9,17.53,0.0,C0421,4,South,East,False,0.0,0.0
DL00165,O00852,D006,V022,H03,2025-07-13 18:06:00,2026-05-14 22:13:42,Delayed,8.64,0,1,4.55,2.5,7324.13,C0599,2,North,Riverside,True,0.0,0.0
DL00166,O00904,D091,V017,H04,2024-05-25 20:26:00,,Failed,24.07,0,0,2.08,13.51,0.0,C0618,4,Airport,Airport,False,0.0,0.0
DL00167,O00932,D116,V069,H08,2024-10-01 07:37:00,2026-05-14 14:50:06,Failed,19.44,0,0,2.56,13.3,14167.22,C0221,2,Airport,West,True,0.0,0.0
DL00168,O00126,D100,V066,H01,2024-05-26 09:29:00,,Delayed,30.51,2,0,4.3,18.34,0.0,C0146,12,Airport,South,False,1.0,0.0
DL00169,O00996,D037,V115,H07,2025-04-26 07:29:00,,OnTime,10.5,2,0,4.08,10.38,0.0,C0238,4,Central,East,False,0.0,1.0
DL00170,O00363,D020,V093,H04,2025-06-04 03:57:00,,OnTime,10.59,0,0,4.07,10.74,0.0,C0230,4,Riverside,South,False,0.0,1.0
DL00171,O01055,D096,V085,H07,2025-08-13 19:47:00,,OnTime,23.42,1,0,4.35,13.6,0.0,C0621,6,North,South,False,0.0,0.0
DL00172,O00127,D132,V106,H06,2025-11-08 04:29:00,,Delayed,13.58,2,1,4.36,11.2,0.0,C0572,2,East,North,False,0.0,0.0
DL00173,O00459,D131,V026,H08,2025-11-28 08:52:00,2026-05-14 17:47:18,Delayed,15.37,0,0,3.88,6.1,4016.92,C0478,24,South,South,True,0.0,0.0
DL00174,O00162,D020,V066,H07,2025-12-14 04:21:00,,OnTime,9.9,2,0,4.18,9.86,0.0,C0476,12,South,Ctr,False,0.0,0.0
DL00175,O00583,D036,V118,H03,2025-04-17 21:40:00,,OnTime,15.62,1,0,3.93,9.26,0.0,C0469,6,South,Riverside,False,0.0,1.0
DL00176,O01200,D061,V116,H05,2024-02-23 08:31:00,2026-05-14 20:44:18,OnTime,16.02,0,0,4.36,16.67,19476.22,C0433,6,Riverside,Riverside,True,0.0,0.0
DL00177,O00164,D123,V045,H01,2024-03-23 14:11:00,,OnTime,8.31,0,0,4.85,9.58,0.0,C0622,24,South,Ctr,False,0.0,0.0
DL00178,O01166,D024,V052,H05,2025-09-22 12:46:00,2026-05-14 06:17:36,Failed,13.01,2,1,3.36,6.79,5609.53,C0053,4,West,North,True,0.0,0.0
DL00179,O00493,D016,V094,H08,2024-05-20 04:07:00,,Delayed,9.15,1,0,2.32,12.14,0.0,C0370,6,East,North,False,0.0,0.0
DL00180,O00137,D135,V054,H08,2025-03-14 19:37:00,2026-05-14 15:52:54,OnTime,19.65,0,0,4.25,14.94,10220.26,C0295,12,East,South,True,0.0,0.0
DL00181,O00450,D073,V014,H02,2024-08-25 23:47:00,,OnTime,12.74,1,0,5.0,14.37,0.0,C0527,2,Riverside,Riverside,False,0.0,1.0
DL00182,O00096,D071,V102,H04,2024-07-13 18:06:00,,OnTime,7.62,0,0,4.64,14.41,0.0,C0441,2,North,West,False,0.0,0.0
DL00183,O00808,D049,V065,H05,2024-09-06 07:26:00,2026-05-14 08:53:42,OnTime,15.14,0,0,4.23,13.23,14761.46,C0598,4,Riverside,West,True,0.0,0.0
DL00184,O01005,D023,V096,H07,2025-05-01 19:42:00,,Failed,13.78,0,0,2.96,13.86,0.0,C0104,12,Riverside,South,False,1.0,0.0
DL00185,O01217,D008,V065,H01,2024-01-26 00:13:00,,OnTime,15.39,3,0,4.76,13.61,0.0,C0263,12,Central,South,False,0.0,0.0
DL00186,O00798,D006,V081,H06,2024-01-14 04:23:00,2026-05-14 07:14:48,OnTime,14.26,1,0,4.91,4.79,20426.86,C0547,4,South,North,True,0.0,1.0
DL00187,O00439,D111,V069,H05,2024-03-05 22:08:00,2026-05-14 17:27:54,Failed,17.61,1,0,1.53,16.92,19195.33,C0577,1,North,Ctr,True,0.0,1.0
DL00188,O00739,D008,V075,H08,2025-04-13 23:14:00,2026-05-14 05:27:24,OnTime,5.37,0,0,5.0,5.73,9486.22,C0144,12,South,North,True,0.0,0.0
DL00189,O01227,D011,V118,H06,2024-11-05 11:52:00,2026-05-14 23:23:06,Failed,14.51,1,0,2.43,12.83,13331.52,C0282,2,Ctr,North,True,1.0,1.0
DL00190,O00875,D039,V003,H07,2025-10-31 23:21:00,,OnTime,2.25,0,0,4.79,7.74,0.0,C0027,12,North,East,False,0.0,1.0
DL00191,O00755,D161,V006,H08,2025-08-21 05:02:00,2026-05-14 04:57:12,OnTime,13.55,0,0,3.48,21.6,6383.92,C0014,6,South,South,True,0.0,0.0
DL00192,O00118,D095,V112,H04,2025-08-18 22:16:00,2026-05-14 23:10:36,OnTime,14.13,0,0,4.64,16.49,6456.91,C0087,6,South,South,True,0.0,1.0
DL00193,O00032,D017,V013,H08,2025-09-16 00:28:00,,OnTime,14.01,4,0,3.54,9.08,0.0,C0297,1,Central,East,False,0.0,0.0
DL00194,O00422,D053,V110,H01,2025-08-07 09:57:00,,Delayed,8.77,2,0,2.58,9.97,0.0,C0034,6,Central,West,False,0.0,1.0
DL00195,O00462,D162,V028,H06,2025-03-03 20:56:00,,Delayed,13.0,1,0,1.04,10.71,0.0,C0381,6,Riverside,East,False,0.0,0.0
DL00196,O00469,D111,V009,H08,2024-09-19 00:27:00,,OnTime,13.83,1,0,3.85,12.41,0.0,C0186,4,East,East,False,0.0,0.0
DL00197,O00478,D163,V053,H02,2025-04-21 00:07:00,2026-05-14 03:50:54,OnTime,11.17,0,0,5.0,2.84,9315.73,C0521,2,West,South,True,0.0,0.0
DL00198,O00465,D156,V111,H04,2024-12-08 07:33:00,,Delayed,8.01,0,0,3.38,10.98,0.0,C0149,2,East,North,False,0.0,1.0
DL00199,O00821,D086,V088,H05,2025-01-25 03:15:00,,OnTime,24.31,1,0,4.36,18.49,0.0,C0266,6,Central,South,False,0.0,0.0
DL00200,O00406,D160,V106,H06,2025-01-05 13:23:00,2026-05-14 10:14:48,OnTime,31.46,2,0,4.38,16.38,11852.86,C0631,2,Airport,Riverside,True,1.0,0.0
DL00201,O00008,D036,V041,H03,2024-04-03 20:22:00,,OnTime,14.08,0,0,5.0,12.87,0.0,C0157,4,Riverside,Riverside,False,1.0,0.0
DL00202,O01057,D028,V054,H06,2025-03-23 12:38:00,2026-05-14 02:58:36,Delayed,19.31,2,0,3.67,17.41,9998.34,C0579,4,Airport,North,True,0.0,0.0
DL00203,O00901,D107,V086,H08,2025-12-08 09:18:00,,Delayed,9.36,2,0,4.52,7.69,0.0,C0222,2,Central,Airport,False,0.0,0.0
DL00204,O00025,D108,V062,H08,2025-01-10 22:15:00,2026-05-14 19:27:42,OnTime,11.32,1,0,4.64,15.67,11733.21,C0297,6,North,Riverside,True,0.0,0.0
DL00205,O00375,D039,V024,H03,2024-09-17 23:26:00,2026-05-14 13:34:24,OnTime,7.16,3,0,4.17,12.58,14486.14,C0012,4,Central,East,True,0.0,1.0
DL00206,O00634,D045,V107,H02,2024-07-07 14:19:00,,OnTime,17.47,1,0,4.49,15.56,0.0,C0536,4,East,South,False,0.0,0.0
DL00207,O01035,D121,V114,H04,2024-03-17 00:24:00,,OnTime,18.52,1,0,4.4,11.28,0.0,C0508,6,East,Riverside,False,0.0,1.0
DL00208,O00964,D087,V018,H01,2024-04-13 03:27:00,,Failed,21.73,0,1,3.09,13.36,0.0,C0247,2,Central,South,False,0.0,1.0
DL00209,O01154,D057,V107,H06,2024-09-05 16:29:00,,OnTime,11.22,1,0,4.31,13.88,0.0,C0588,12,South,South,False,0.0,0.0
DL00210,O01191,D142,V016,H02,2024-02-19 19:24:00,,Delayed,16.24,3,0,3.43,13.43,0.0,C0258,2,East,North,False,0.0,0.0
DL00211,O01017,D102,V006,H08,2025-12-30 15:47:00,2026-05-14 01:17:24,OnTime,12.39,1,0,4.57,13.18,3225.51,C0201,6,Central,West,True,0.0,0.0
DL00212,O01105,D142,V041,H01,2025-06-18 18:46:00,2026-05-14 15:30:12,Delayed,13.85,1,1,4.29,11.45,7916.74,C0239,12,East,West,True,0.0,0.0
DL00213,O00807,D025,V073,H02,2025-10-16 07:59:00,2026-05-14 10:20:12,OnTime,8.57,0,0,4.33,10.42,5042.35,C0162,4,South,Riverside,True,0.0,1.0
DL00214,O00552,D096,V010,H04,2025-11-09 03:20:00,,OnTime,6.09,0,0,3.02,7.3,0.0,C0341,4,Riverside,South,False,0.0,0.0
DL00215,O01042,D100,V102,H06,2024-08-26 13:15:00,2026-05-14 07:20:06,Delayed,22.0,1,0,4.79,19.64,15018.08,C0571,12,Airport,East,True,0.0,0.0
DL00216,O00167,D146,V019,H07,2024-04-27 21:19:00,,OnTime,30.01,0,0,3.37,18.54,0.0,C0325,24,East,East,False,1.0,0.0
DL00217,O01194,D020,V030,H01,2024-08-08 01:50:00,2026-05-14 09:07:12,OnTime,22.61,1,0,4.41,12.17,15463.29,C0229,2,South,Airport,True,0.0,0.0
DL00218,O00136,D149,V010,H03,2024-11-27 17:12:00,,Delayed,3.51,1,0,3.27,4.15,0.0,C0413,1,North,South,False,0.0,0.0
DL00219,O00513,D087,V118,H07,2024-08-07 05:33:00,2026-05-14 00:38:36,OnTime,14.41,1,0,4.59,12.65,15475.09,C0202,4,West,South,True,0.0,1.0
DL00220,O00859,D079,V107,H08,2024-03-21 03:17:00,,OnTime,33.71,4,0,5.0,13.79,0.0,C0476,6,Airport,Ctr,False,0.0,0.0
DL00221,O00594,D151,V092,H02,2024-03-11 21:43:00,,OnTime,12.09,3,0,3.25,11.03,0.0,C0116,4,Central,East,False,1.0,1.0
DL00222,O01010,D121,V045,H06,2024-05-18 21:01:00,,OnTime,9.72,0,0,5.0,8.53,0.0,C0018,6,West,South,False,0.0,0.0
DL00223,O00740,D155,V085,H08,2024-05-22 15:11:00,,Delayed,12.99,0,0,3.19,12.3,0.0,C0151,4,East,East,False,0.0,0.0
DL00224,O00960,D034,V040,H07,2025-01-20 03:14:00,,OnTime,11.88,0,0,3.79,14.2,0.0,C0554,1,Riverside,North,False,0.0,1.0
DL00225,O00056,D150,V044,H05,2025-10-05 20:44:00,,OnTime,6.21,2,0,3.98,14.94,0.0,C0271,4,South,Central,False,1.0,1.0
DL00226,O00823,D119,V030,H06,2025-02-05 21:33:00,,Delayed,9.28,0,0,2.17,10.29,0.0,C0264,12,East,North,False,0.0,0.0
DL00227,O01138,D083,V114,H04,2024-02-08 18:51:00,,OnTime,16.490000000000002,2,0,4.65,13.68,0.0,C0409,2,Airport,South,False,0.0,0.0
DL00228,O01094,D052,V085,H04,2024-08-22 11:22:00,,OnTime,6.68,2,0,4.05,11.59,0.0,C0204,2,East,Riverside,False,0.0,0.0
DL00229,O00518,D050,V036,H02,2025-12-11 02:26:00,,OnTime,14.89,0,0,3.97,13.89,0.0,C0112,12,North,East,False,0.0,0.0
DL00230,O00303,D055,V037,H06,2025-07-22 05:41:00,,Failed,14.85,1,0,2.34,13.21,0.0,C0514,4,Central,South,False,0.0,0.0
DL00231,O00670,D014,V046,H05,2024-03-27 23:40:00,,OnTime,13.07,0,0,4.72,3.86,0.0,C0305,4,South,West,False,0.0,1.0
DL00232,O00397,D050,V101,H06,2025-06-18 19:47:00,2026-05-14 18:18:12,OnTime,29.8,1,0,3.71,14.58,7918.52,C0417,12,Airport,South,True,0.0,0.0
DL00233,O01173,D094,V020,H04,2024-02-08 11:24:00,,OnTime,5.36,0,0,4.5,11.41,0.0,C0194,6,North,Airport,False,0.0,0.0
DL00234,O00340,D056,V028,H01,2025-02-10 03:37:00,2026-05-14 18:46:00,OnTime,13.52,1,0,2.88,6.77,11007.15,C0127,2,Ctr,Airport,True,0.0,0.0
DL00235,O00507,D022,V109,H05,2025-12-13 06:42:00,2026-05-14 05:08:06,Failed,18.87,0,0,3.68,19.15,3646.44,C0484,4,South,West,True,0.0,0.0
DL00236,O00013,D163,V009,H07,2024-03-29 22:48:00,,OnTime,20.12,2,0,3.74,17.02,0.0,C0234,24,Airport,Central,False,1.0,0.0
DL00237,O00082,D135,V099,H06,2024-07-30 05:49:00,2026-05-14 01:15:48,OnTime,12.83,1,0,3.62,20.26,15667.45,C0531,12,Central,West,True,1.0,0.0
DL00238,O00979,D146,V077,H04,2025-01-08 05:27:00,,OnTime,14.2,2,0,4.02,13.01,0.0,C0257,12,North,West,False,0.0,0.0
DL00239,O00052,D019,V010,H06,2024-08-14 09:02:00,2026-05-14 09:18:00,Delayed,13.6,1,0,3.72,16.0,15312.27,C0150,12,North,Riverside,True,0.0,1.0
DL00240,O01169,D131,V070,H06,2025-11-06 15:56:00,2026-05-14 10:49:18,Failed,38.25,1,0,3.34,21.21,4530.89,C0158,4,Airport,East,True,0.0,0.0
DL00241,O00187,D155,V084,H07,2024-12-30 18:28:00,,OnTime,10.78,0,0,5.0,15.96,0.0,C0070,12,South,East,False,0.0,0.0
DL00242,O00119,D137,V108,H07,2024-05-25 22:51:00,2026-05-14 01:37:48,Delayed,4.26,2,0,1.93,17.11,17234.78,C0229,4,North,North,True,0.0,0.0
DL00243,O00544,D099,V079,H04,2024-06-14 20:33:00,2026-05-14 11:53:42,OnTime,14.39,1,0,4.52,10.27,16767.34,C0212,24,Central,West,True,1.0,0.0
DL00244,O00610,D024,V077,H03,2024-07-21 19:36:00,,OnTime,6.55,0,0,4.87,10.1,0.0,C0635,24,South,Riverside,False,0.0,0.0
DL00245,O01206,D047,V061,H01,2024-11-16 00:30:00,,OnTime,16.57,1,0,4.28,17.58,0.0,C0236,4,Central,Riverside,False,0.0,0.0
DL00246,O00603,D016,V061,H05,2024-02-25 01:31:00,,OnTime,20.51,0,0,4.05,12.98,0.0,C0351,24,West,Riverside,False,1.0,0.0
DL00247,O00881,D056,V100,H08,2024-12-31 12:39:00,2026-05-14 10:16:48,OnTime,11.09,0,0,4.04,5.77,11973.63,C0545,6,Riverside,South,True,0.0,1.0
DL00248,O00799,D099,V047,H02,2025-08-22 18:02:00,,OnTime,7.06,1,0,5.0,13.65,0.0,C0289,24,East,South,False,0.0,1.0
DL00249,O00770,D139,V107,H06,2024-07-20 09:45:00,,Delayed,15.28,0,1,3.02,15.91,0.0,C0096,2,South,West,False,0.0,0.0
DL00250,O00977,D092,V067,H03,2024-08-27 17:43:00,,OnTime,6.39,0,0,4.03,7.45,0.0,C0235,4,West,West,False,0.0,1.0
DL00251,O00122,D005,V030,H06,2024-02-10 16:00:00,,Failed,14.27,0,0,3.89,16.33,0.0,C0597,1,Riverside,North,False,0.0,0.0
DL00252,O00713,D109,V001,H05,2024-07-10 01:06:00,2026-05-14 10:04:30,OnTime,11.34,0,0,4.06,10.82,16160.98,C0316,6,South,North,True,0.0,0.0
DL00253,O00325,D126,V033,H08,2024-09-30 05:43:00,2026-05-14 09:22:36,OnTime,5.12,1,0,4.24,9.16,14187.66,C0259,2,North,South,True,0.0,1.0
DL00254,O00933,D053,V084,H05,2024-12-29 13:26:00,2026-05-14 18:06:54,OnTime,11.34,1,0,4.09,12.33,12028.68,C0534,6,South,Airport,True,0.0,1.0
DL00255,O00908,D154,V032,H06,2025-07-02 02:14:00,,Delayed,28.05,3,0,3.35,18.76,0.0,C0167,6,Airport,East,False,0.0,0.0
DL00256,O00389,D105,V088,H01,2025-01-22 12:35:00,,Delayed,8.17,1,0,3.16,14.91,0.0,C0361,4,Central,Riverside,False,0.0,1.0
DL00257,O00103,D034,V038,H02,2024-01-26 14:25:00,,Delayed,15.88,1,0,3.54,14.05,0.0,C0456,12,South,West,False,0.0,0.0
DL00258,O01230,D003,V093,H02,2024-05-26 21:11:00,,Delayed,15.09,2,0,3.74,8.22,0.0,C0564,1,Central,North,False,0.0,0.0
DL00259,O00266,D120,V096,H06,2024-10-04 19:45:00,2026-05-14 21:38:18,Delayed,16.86,1,0,1.0,19.95,14089.89,C0345,2,Ctr,North,True,0.0,0.0
DL00260,O00152,D001,V114,H04,2024-09-03 19:25:00,,OnTime,21.6,0,0,3.32,17.16,0.0,C0239,24,East,North,False,0.0,0.0
DL00261,O00445,D051,V079,H02,2025-04-19 01:20:00,,Failed,10.73,1,1,3.18,9.58,0.0,C0054,2,South,Riverside,False,1.0,0.0
DL00262,O00762,D134,V038,H08,2025-04-09 22:31:00,,OnTime,5.51,0,0,4.14,10.11,0.0,C0118,4,East,South,False,0.0,1.0
DL00263,O01006,D048,V098,H01,2025-12-29 14:58:00,,Delayed,15.66,1,0,2.55,9.31,0.0,C0112,12,Central,East,False,0.0,0.0
DL00264,O00802,D073,V067,H08,2024-02-14 07:30:00,2026-05-14 17:05:42,OnTime,11.61,0,0,4.33,11.38,19689.6,C0187,24,West,West,True,0.0,0.0
DL00265,O00253,D119,V054,H03,2024-06-28 11:02:00,,OnTime,14.43,0,0,4.54,15.01,0.0,C0543,4,Ctr,West,False,0.0,1.0
DL00266,O01041,D154,V058,H06,2024-07-03 16:53:00,,OnTime,9.09,0,0,4.73,15.87,0.0,C0551,4,South,West,False,0.0,0.0
DL00267,O00665,D090,V015,H08,2024-02-17 14:27:00,2026-05-14 12:15:30,OnTime,7.98,1,0,4.96,8.83,19605.81,C0522,4,West,Central,True,0.0,0.0
DL00268,O00030,D008,V056,H02,2025-10-05 03:47:00,,OnTime,8.7,1,0,3.88,15.46,0.0,C0406,12,North,East,False,0.0,0.0
DL00269,O00131,D085,V052,H06,2024-06-29 23:38:00,2026-05-14 09:10:18,Delayed,16.05,1,0,1.96,13.91,16401.54,C0478,24,East,West,True,0.0,0.0
DL00270,O00764,D104,V023,H08,2024-07-14 11:50:00,2026-05-14 05:57:24,Failed,5.37,1,0,4.29,12.93,16050.12,C0452,2,North,West,True,0.0,0.0
DL00271,O00193,D036,V017,H06,2024-01-22 16:51:00,,Delayed,9.24,2,0,4.25,2.78,0.0,C0114,4,East,Ctr,False,0.0,0.0
DL00272,O00494,D132,V028,H05,2025-09-02 15:53:00,,OnTime,21.67,1,0,4.27,20.58,0.0,C0304,1,East,Airport,False,0.0,1.0
DL00273,O00492,D071,V049,H01,2025-10-16 03:34:00,,OnTime,9.75,0,0,2.95,14.1,0.0,C0243,6,West,South,False,0.0,1.0
DL00274,O01198,D080,V080,H02,2025-01-13 05:25:00,,OnTime,9.06,0,0,4.14,6.22,0.0,C0013,6,North,East,False,0.0,1.0
DL00275,O00697,D002,V012,H07,2025-02-09 18:46:00,,OnTime,1.96,0,0,4.25,8.32,0.0,C0454,6,East,West,False,0.0,1.0
DL00276,O00531,D119,V014,H02,2025-04-26 10:59:00,,OnTime,30.31,2,0,4.17,18.74,0.0,C0013,24,Airport,Airport,False,1.0,0.0
DL00277,O00942,D104,V117,H04,2025-01-09 09:51:00,,OnTime,7.7,2,0,4.03,12.17,0.0,C0291,12,Ctr,Riverside,False,0.0,0.0
DL00278,O00203,D135,V070,H07,2024-07-05 21:38:00,2026-05-14 21:54:24,Failed,3.93,2,0,3.49,3.82,16272.27,C0336,6,Central,Airport,True,0.0,0.0
DL00279,O00201,D032,V111,H01,2025-05-13 17:15:00,,OnTime,11.65,2,0,4.15,8.01,0.0,C0486,4,North,South,False,0.0,0.0
DL00280,O00535,D037,V010,H03,2024-12-18 08:55:00,,OnTime,13.44,1,0,4.63,15.09,0.0,C0093,6,Riverside,Riverside,False,0.0,0.0
DL00281,O00801,D123,V046,H02,2024-03-29 16:47:00,,OnTime,24.03,1,0,4.79,22.2,0.0,C0138,6,South,North,False,1.0,0.0
DL00282,O01232,D045,V114,H03,2024-01-18 22:52:00,,OnTime,14.86,1,0,3.5,16.26,0.0,C0189,6,West,East,False,1.0,0.0
DL00283,O01212,D142,V068,H08,2024-08-01 12:31:00,,OnTime,18.32,2,0,3.76,18.79,0.0,C0262,2,West,South,False,0.0,0.0
DL00284,O00999,D089,V075,H03,2024-06-30 12:34:00,,OnTime,2.53,0,0,3.73,4.03,0.0,C0613,24,Riverside,South,False,1.0,0.0
DL00285,O00442,D001,V097,H07,2025-06-22 14:54:00,,OnTime,9.22,0,0,4.95,8.62,0.0,C0080,4,Ctr,West,False,0.0,1.0
DL00286,O00059,D038,V047,H05,2025-11-20 19:24:00,,Delayed,13.74,0,1,3.32,7.06,0.0,C0640,2,Central,Airport,False,0.0,0.0
DL00287,O00352,D138,V099,H01,2024-05-19 17:01:00,,OnTime,36.08,2,0,4.24,24.5,0.0,C0097,4,Airport,North,False,0.0,0.0
DL00288,O00636,D004,V064,H03,2024-06-20 10:05:00,2026-05-14 12:47:24,Delayed,14.61,0,0,1.0,15.39,16634.71,C0208,4,West,North,True,1.0,1.0
DL00289,O00233,D027,V095,H01,2024-12-24 20:17:00,2026-05-14 09:00:00,OnTime,13.45,3,0,4.34,9.29,12132.72,C0252,1,Riverside,South,True,0.0,0.0
DL00290,O00524,D035,V083,H03,2025-06-20 16:54:00,2026-05-14 14:45:30,OnTime,30.93,0,0,5.0,19.1,7869.86,C0052,4,Airport,Riverside,True,0.0,0.0
DL00291,O00485,D100,V068,H04,2024-11-27 02:51:00,,OnTime,17.86,1,0,3.97,19.28,0.0,C0168,1,North,Ctr,False,1.0,1.0
DL00292,O00811,D149,V103,H01,2024-05-09 08:13:00,,OnTime,15.21,1,0,4.41,18.9,0.0,C0267,6,North,Riverside,False,0.0,0.0
DL00293,O00888,D098,V104,H07,2024-06-13 07:40:00,,OnTime,16.53,1,0,3.97,12.62,0.0,C0254,2,Riverside,Riverside,False,0.0,0.0
DL00294,O00443,D093,V100,H08,2025-10-20 02:48:00,,OnTime,12.21,0,0,4.39,15.82,0.0,C0378,12,North,Riverside,False,1.0,1.0
DL00295,O01101,D131,V087,H07,2024-01-14 09:50:00,2026-05-14 16:20:06,OnTime,20.39,2,0,5.0,18.38,20430.5,C0023,6,Riverside,North,True,1.0,0.0
DL00296,O01064,D062,V044,H03,2025-12-22 19:59:00,2026-05-14 18:27:24,Delayed,16.44,2,0,4.7,11.33,3430.47,C0095,12,Central,Airport,True,1.0,0.0
DL00297,O01109,D107,V018,H01,2025-12-08 15:52:00,,OnTime,33.69,1,0,3.55,22.27,0.0,C0598,2,Airport,Riverside,False,0.0,0.0
DL00298,O01051,D111,V109,H05,2025-06-06 07:00:00,2026-05-14 06:57:24,Delayed,11.95,0,0,3.03,8.36,8207.96,C0288,4,Central,Airport,True,0.0,0.0
DL00299,O01061,D121,V088,H07,2024-04-29 22:39:00,,OnTime,15.83,3,0,4.49,12.5,0.0,C0535,2,Central,West,False,0.0,1.0
DL00300,O00222,D039,V056,H05,2024-09-25 13:54:00,,OnTime,10.01,1,0,3.41,14.32,0.0,C0266,4,Riverside,West,False,0.0,1.0
DL00301,O01152,D165,V009,H04,2025-03-13 00:37:00,,OnTime,9.27,0,0,5.0,9.21,0.0,C0247,24,Riverside,West,False,0.0,0.0
DL00302,O01208,D117,V008,H06,2024-04-18 21:38:00,,OnTime,14.89,0,0,3.6,10.25,0.0,C0098,12,Riverside,South,False,0.0,0.0
DL00303,O00813,D143,V005,H06,2025-10-14 00:12:00,2026-05-14 00:10:36,OnTime,10.29,1,0,5.0,18.54,5087.98,C0642,4,North,North,True,0.0,0.0
DL00304,O00433,D036,V024,H08,2024-10-29 16:23:00,,Failed,11.81,0,1,2.83,10.31,0.0,C0633,12,Ctr,Central,False,0.0,0.0
DL00305,O00584,D028,V045,H06,2024-07-06 01:06:00,,OnTime,27.25,0,0,3.81,15.04,0.0,C0377,6,Airport,West,False,0.0,0.0
DL00306,O01168,D136,V099,H07,2024-12-15 22:14:00,,Delayed,34.53,4,1,2.96,19.47,0.0,C0575,12,Airport,Central,False,1.0,1.0
DL00307,O00699,D089,V021,H03,2024-09-22 15:57:00,2026-05-14 06:05:18,OnTime,11.84,1,0,3.9,12.44,14366.14,C0310,12,South,Riverside,True,0.0,1.0
DL00308,O00495,D146,V046,H01,2024-01-16 01:13:00,,OnTime,8.6,0,0,3.55,10.89,0.0,C0590,6,East,South,False,0.0,1.0
DL00309,O00783,D164,V089,H02,2024-06-28 23:56:00,2026-05-14 09:24:06,OnTime,10.02,0,0,3.2,6.99,16425.47,C0507,4,North,East,True,0.0,1.0
DL00310,O00285,D149,V077,H08,2025-01-05 13:48:00,,OnTime,9.55,2,0,4.67,12.27,0.0,C0180,4,North,North,False,1.0,0.0
DL00311,O00797,D086,V077,H05,2025-03-23 04:36:00,2026-05-14 18:19:36,OnTime,8.21,2,0,5.0,10.01,10021.73,C0231,4,Riverside,Riverside,True,1.0,0.0
DL00312,O00204,D142,V043,H03,2025-10-22 23:06:00,,Failed,31.38,0,0,4.79,14.35,0.0,C0355,12,Airport,West,False,0.0,0.0
DL00313,O00601,D136,V005,H08,2025-05-23 04:56:00,2026-05-14 22:17:36,OnTime,17.43,2,0,3.9,12.77,8561.36,C0335,6,North,South,True,1.0,0.0
DL00314,O00499,D078,V092,H08,2024-06-11 07:00:00,2026-05-14 11:44:00,OnTime,5.63,2,0,4.16,6.47,16852.73,C0198,4,East,Central,True,0.0,0.0
DL00315,O01107,D082,V041,H04,2024-01-25 08:28:00,,Delayed,37.41,2,0,4.22,17.73,0.0,C0182,12,Airport,Central,False,1.0,0.0
DL00316,O00081,D108,V095,H08,2025-04-17 15:01:00,,Failed,7.85,1,0,4.11,9.08,0.0,C0004,6,West,Airport,False,1.0,0.0
DL00317,O00711,D105,V106,H06,2024-12-15 15:16:00,,OnTime,13.76,1,0,4.67,13.99,0.0,C0412,2,South,South,False,1.0,1.0
DL00318,O00281,D054,V041,H03,2024-12-03 07:14:00,2026-05-14 03:19:48,OnTime,26.53,3,0,4.48,16.02,12644.1,C0437,4,Airport,North,True,0.0,0.0
DL00319,O00937,D153,V103,H04,2024-04-24 08:08:00,2026-05-14 22:25:36,Failed,1.2,0,0,2.72,10.96,18014.29,C0549,4,Riverside,South,True,0.0,0.0
DL00320,O01030,D059,V006,H08,2025-08-29 10:29:00,,OnTime,5.12,1,0,5.0,10.77,0.0,C0279,6,Ctr,West,False,1.0,0.0
DL00321,O00438,D119,V052,H03,2025-12-29 18:51:00,,OnTime,8.71,3,0,4.26,14.34,0.0,C0491,4,North,West,False,1.0,0.0
DL00322,O01025,D023,V030,H04,2024-04-29 16:53:00,2026-05-14 03:31:24,Delayed,11.02,1,0,5.0,13.23,17866.64,C0390,6,West,North,True,0.0,0.0
DL00323,O00666,D011,V107,H04,2025-08-26 20:36:00,,OnTime,24.58,3,0,4.21,18.25,0.0,C0001,24,Airport,Central,False,1.0,0.0
DL00324,O00455,D042,V059,H07,2024-08-14 04:59:00,2026-05-14 11:51:18,Failed,21.07,1,0,3.21,12.52,15318.87,C0178,6,Airport,Airport,True,1.0,1.0
DL00325,O00582,D108,V001,H08,2024-11-06 12:05:00,,OnTime,14.87,0,0,5.0,14.0,0.0,C0275,2,South,Central,False,0.0,1.0
DL00326,O00500,D137,V103,H07,2024-07-30 17:04:00,2026-05-14 16:59:18,OnTime,17.24,0,0,4.02,17.18,15671.92,C0131,12,North,West,True,0.0,0.0
DL00327,O00418,D102,V023,H04,2025-11-07 07:55:00,,OnTime,9.17,0,0,4.78,9.88,0.0,C0467,12,Riverside,South,False,0.0,0.0
DL00328,O00060,D009,V072,H02,2024-05-10 18:12:00,2026-05-14 00:21:00,OnTime,4.02,1,0,3.26,8.95,17598.15,C0258,6,North,East,True,0.0,0.0
DL00329,O00805,D100,V047,H08,2025-10-01 20:47:00,,OnTime,1.62,0,0,4.03,11.74,0.0,C0426,6,North,Central,False,0.0,1.0
DL00330,O00246,D049,V026,H04,2024-12-14 03:40:00,,Failed,15.83,1,0,2.59,16.95,0.0,C0023,4,East,Riverside,False,0.0,0.0
DL00331,O01059,D005,V036,H07,2025-11-23 22:50:00,,OnTime,12.94,2,0,3.72,15.48,0.0,C0107,6,East,East,False,0.0,1.0
DL00332,O00949,D121,V088,H06,2025-04-15 19:23:00,,Delayed,5.96,1,0,3.42,9.99,0.0,C0023,24,West,West,False,0.0,0.0
DL00333,O00930,D119,V063,H06,2025-08-20 08:58:00,2026-05-14 13:51:00,Delayed,21.85,0,0,1.76,16.51,6412.88,C0370,4,Ctr,Riverside,True,0.0,0.0
DL00334,O00925,D018,V093,H03,2024-11-15 22:49:00,2026-05-14 18:42:00,Failed,17.65,0,1,3.01,12.27,13075.88,C0530,12,South,Airport,True,0.0,0.0
DL00335,O00347,D082,V069,H05,2025-09-01 08:39:00,,OnTime,12.56,0,0,4.4,15.64,0.0,C0004,12,South,South,False,0.0,0.0
DL00336,O00891,D076,V071,H03,2025-02-21 18:25:00,,OnTime,6.82,1,0,3.73,6.0,0.0,C0449,2,Ctr,Airport,False,0.0,1.0
DL00337,O00659,D116,V100,H06,2024-11-14 19:53:00,,OnTime,23.37,1,0,4.48,14.95,0.0,C0002,12,South,North,False,0.0,0.0
DL00338,O00331,D085,V053,H05,2024-02-23 09:42:00,,OnTime,12.27,2,0,4.32,14.93,0.0,C0399,6,Riverside,East,False,0.0,0.0
DL00339,O00593,D073,V111,H04,2025-06-22 11:57:00,,Delayed,4.33,0,0,1.57,12.76,0.0,C0406,1,Central,Riverside,False,0.0,1.0
DL00340,O00435,D086,V024,H05,2024-09-19 13:43:00,,OnTime,22.6,0,0,3.8,20.75,0.0,C0102,4,South,Ctr,False,0.0,0.0
DL00341,O01203,D050,V037,H07,2024-11-13 21:57:00,,OnTime,2.78,0,0,3.72,12.39,0.0,C0445,24,West,Riverside,False,0.0,1.0
DL00342,O00123,D028,V090,H08,2024-07-14 07:47:00,2026-05-14 17:08:54,Failed,6.8,0,0,2.47,8.94,16065.36,C0649,2,West,East,True,0.0,0.0
DL00343,O00505,D015,V012,H04,2025-03-29 21:38:00,,OnTime,34.31,1,0,2.98,15.09,0.0,C0319,12,Airport,West,False,0.0,0.0
DL00344,O00238,D164,V081,H02,2024-08-28 12:22:00,,OnTime,11.63,0,0,5.0,11.55,0.0,C0141,4,South,West,False,0.0,0.0
DL00345,O01175,D036,V007,H06,2024-11-04 13:11:00,,OnTime,8.75,1,0,4.22,2.72,0.0,C0623,24,West,Airport,False,0.0,0.0
DL00346,O00614,D097,V060,H03,2025-02-06 00:08:00,2026-05-14 06:08:36,OnTime,15.26,1,0,3.93,14.52,11094.01,C0393,2,West,Riverside,True,0.0,0.0
DL00347,O00343,D026,V030,H03,2024-12-09 02:01:00,,Delayed,15.62,0,1,3.94,18.0,0.0,C0184,2,Ctr,South,False,0.0,1.0
DL00348,O00754,D098,V062,H01,2024-10-07 23:24:00,2026-05-14 07:55:36,Delayed,2.21,4,0,2.89,13.34,14000.53,C0479,4,Central,Airport,True,0.0,1.0
DL00349,O00231,D016,V042,H07,2024-12-16 02:23:00,,Delayed,15.82,0,0,2.75,11.11,0.0,C0250,6,East,South,False,1.0,0.0
DL00350,O01209,D019,V017,H06,2025-06-14 03:56:00,,Failed,13.23,1,0,3.05,11.77,0.0,C0182,2,Riverside,Central,False,0.0,0.0
DL00351,O00069,D142,V050,H07,2024-05-19 21:58:00,,OnTime,33.129999999999995,0,0,4.53,22.56,0.0,C0369,12,Airport,Riverside,False,0.0,0.0
DL00352,O00989,D133,V112,H05,2024-03-08 14:47:00,2026-05-14 10:35:18,Failed,9.57,0,0,2.25,15.47,19123.8,C0351,1,North,Central,True,1.0,0.0
DL00353,O00159,D018,V014,H03,2024-09-14 23:08:00,,OnTime,4.49,0,0,3.9,6.4,0.0,C0505,12,North,South,False,0.0,0.0
DL00354,O00776,D014,V034,H04,2025-03-03 01:09:00,,OnTime,10.43,0,0,4.54,9.64,0.0,C0571,4,Riverside,East,False,1.0,0.0
DL00355,O00561,D162,V106,H07,2025-06-02 10:12:00,,Delayed,7.43,1,0,3.96,12.85,0.0,C0595,4,Central,Airport,False,1.0,0.0
DL00356,O01181,D031,V118,H04,2024-02-24 01:34:00,2026-05-14 12:32:18,OnTime,13.12,0,0,4.84,6.12,19450.97,C0346,6,West,East,True,1.0,0.0
DL00357,O00235,D134,V030,H08,2025-12-22 12:39:00,2026-05-14 10:03:06,Delayed,14.75,1,0,3.27,7.91,3429.4,C0502,2,Ctr,Central,True,0.0,0.0
DL00358,O00497,D022,V005,H02,2025-11-22 01:45:00,2026-05-14 04:47:18,Delayed,19.28,1,0,3.57,14.5,4155.04,C0631,12,South,Ctr,True,0.0,1.0
DL00359,O00654,D068,V057,H01,2025-06-18 22:44:00,2026-05-14 19:56:06,Delayed,18.71,1,1,2.94,15.84,7917.2,C0617,24,Ctr,Airport,True,1.0,0.0
DL00360,O00595,D100,V062,H02,2024-03-05 07:09:00,,Delayed,12.5,1,0,2.59,21.14,0.0,C0377,12,South,Airport,False,0.0,0.0
DL00361,O00377,D007,V051,H07,2024-07-22 23:59:00,2026-05-14 06:00:24,OnTime,25.24,0,0,4.4,13.28,15846.02,C0131,12,Airport,East,True,0.0,0.0
DL00362,O00460,D156,V012,H04,2024-12-09 18:44:00,,OnTime,6.09,0,0,3.51,8.56,0.0,C0097,4,Central,North,False,0.0,0.0
DL00363,O00710,D069,V090,H07,2025-02-17 14:58:00,,OnTime,19.08,1,0,5.0,17.76,0.0,C0322,6,South,South,False,0.0,0.0
DL00364,O00277,D056,V014,H04,2024-01-14 01:45:00,2026-05-14 12:31:54,OnTime,23.79,1,0,3.98,11.43,20434.78,C0329,6,West,Central,True,0.0,1.0
DL00365,O00861,D064,V012,H01,2025-09-05 09:13:00,,OnTime,10.33,0,0,4.19,9.22,0.0,C0265,2,East,Central,False,0.0,1.0
DL00366,O00910,D146,V095,H06,2025-07-24 04:05:00,,OnTime,17.03,0,0,3.63,18.63,0.0,C0465,6,North,North,False,1.0,1.0
DL00367,O00575,D128,V106,H02,2025-08-15 07:04:00,2026-05-14 10:40:18,Delayed,3.02,0,0,2.94,16.73,6531.6,C0179,12,Riverside,Riverside,True,0.0,0.0
DL00368,O00474,D147,V067,H01,2025-03-22 20:07:00,2026-05-14 20:56:24,OnTime,35.4,2,0,3.94,18.88,10032.82,C0029,2,Airport,Central,True,0.0,0.0
DL00369,O00366,D011,V044,H05,2024-02-12 22:37:00,2026-05-14 15:16:30,Delayed,13.48,0,0,1.44,12.48,19720.66,C0592,24,Central,South,True,0.0,1.0
DL00370,O00902,D131,V021,H05,2024-09-22 21:11:00,2026-05-14 17:24:18,Delayed,1.87,3,0,1.24,10.71,14372.22,C0309,6,East,West,True,1.0,0.0
DL00371,O01079,D158,V069,H03,2024-03-31 08:45:00,2026-05-14 18:08:42,OnTime,17.43,0,0,3.57,10.98,18585.4,C0017,24,South,Riverside,True,0.0,1.0
DL00372,O00300,D087,V090,H02,2024-04-02 01:57:00,,OnTime,6.81,0,0,4.87,8.41,0.0,C0512,4,Riverside,South,False,1.0,0.0
DL00373,O00282,D058,V081,H05,2024-01-20 06:39:00,,Delayed,11.36,0,1,4.04,23.6,0.0,C0630,6,South,West,False,1.0,1.0
DL00374,O00841,D090,V061,H01,2025-09-26 21:47:00,2026-05-14 08:21:36,OnTime,23.47,5,0,3.73,14.32,5506.58,C0132,6,Airport,South,True,0.0,0.0
DL00375,O00466,D102,V021,H05,2024-01-07 05:49:00,2026-05-14 01:08:54,OnTime,22.12,1,0,4.22,17.86,20587.33,C0028,6,West,Airport,True,0.0,0.0
DL00376,O01104,D090,V114,H04,2024-09-21 17:50:00,,OnTime,6.72,0,0,4.51,5.92,0.0,C0480,12,East,Riverside,False,1.0,1.0
DL00377,O00510,D075,V113,H07,2024-11-23 00:12:00,,Failed,5.45,4,0,2.23,10.45,0.0,C0477,4,West,West,False,0.0,0.0
DL00378,O00070,D111,V037,H02,2025-05-13 23:09:00,,Failed,7.92,0,0,2.14,7.93,0.0,C0125,4,Ctr,Airport,False,0.0,1.0
DL00379,O01127,D018,V020,H02,2024-03-17 03:56:00,,OnTime,17.4,1,0,3.6,14.92,0.0,C0296,1,Riverside,Central,False,0.0,0.0
DL00380,O00120,D130,V106,H01,2024-06-16 04:55:00,2026-05-14 04:33:06,OnTime,39.900000000000006,2,0,3.71,19.33,16727.63,C0182,6,Airport,North,True,0.0,0.0
DL00381,O00488,D015,V005,H05,2025-08-29 19:57:00,,OnTime,11.24,0,0,5.0,10.97,0.0,C0050,4,North,South,False,0.0,0.0
DL00382,O00141,D163,V021,H02,2024-12-05 21:45:00,,OnTime,7.31,0,0,4.39,11.68,0.0,C0605,1,North,South,False,0.0,1.0
DL00383,O00846,D057,V017,H08,2025-07-27 23:24:00,2026-05-14 19:36:18,Delayed,9.53,1,1,2.92,9.76,6980.2,C0372,2,East,East,True,0.0,0.0
DL00384,O00618,D017,V054,H05,2025-11-19 13:06:00,,Failed,14.52,4,0,2.82,10.94,0.0,C0581,12,Central,South,False,1.0,0.0
DL00385,O00617,D123,V086,H08,2024-03-30 09:37:00,2026-05-14 15:11:00,OnTime,17.51,1,0,4.44,14.04,18605.57,C0352,1,Central,Riverside,True,0.0,0.0
DL00386,O00135,D144,V002,H05,2025-04-25 03:12:00,,Failed,1.21,1,0,3.35,13.97,0.0,C0364,24,Riverside,North,False,0.0,0.0
DL00387,O00274,D016,V017,H01,2025-10-03 21:33:00,,Failed,11.96,0,0,2.85,11.86,0.0,C0086,24,North,West,False,0.0,0.0
DL00388,O00886,D088,V086,H05,2024-12-11 11:37:00,2026-05-14 15:40:18,OnTime,10.71,1,0,4.64,9.36,12460.06,C0618,1,East,Central,True,1.0,1.0
DL00389,O00649,D054,V065,H01,2025-03-02 03:12:00,,OnTime,12.41,1,0,4.57,12.55,0.0,C0361,4,East,Riverside,False,0.0,0.0
DL00390,O01242,D013,V052,H02,2025-09-08 23:34:00,,OnTime,12.86,0,0,4.75,11.06,0.0,C0550,1,Ctr,Riverside,False,0.0,0.0
DL00391,O00242,D119,V060,H06,2024-11-05 05:50:00,2026-05-14 19:49:42,OnTime,20.65,0,0,3.63,15.9,13334.0,C0587,1,Ctr,West,True,0.0,1.0
DL00392,O00832,D063,V021,H04,2024-06-06 15:50:00,,Delayed,4.77,1,1,1.15,12.67,0.0,C0436,6,Central,Airport,False,1.0,0.0
DL00393,O01128,D108,V060,H04,2024-03-12 19:57:00,,Failed,13.97,1,0,3.11,5.79,0.0,C0588,6,West,Airport,False,0.0,0.0
DL00394,O00718,D145,V079,H02,2025-02-27 04:58:00,2026-05-14 05:30:24,OnTime,15.43,0,0,4.14,8.78,10584.54,C0533,2,West,Airport,True,0.0,0.0
DL00395,O00219,D012,V072,H06,2024-05-30 02:33:00,2026-05-14 15:54:24,OnTime,10.75,0,0,4.29,6.99,17149.36,C0421,2,East,South,True,1.0,0.0
DL00396,O01093,D105,V063,H06,2024-10-30 00:23:00,,OnTime,14.79,2,0,4.55,21.09,0.0,C0205,12,Riverside,West,False,0.0,0.0
DL00397,O01199,D125,V049,H04,2024-03-10 16:57:00,2026-05-14 12:57:06,Delayed,10.5,2,0,4.61,9.36,19076.0,C0225,1,Ctr,West,True,0.0,1.0
DL00398,O00671,D106,V099,H05,2025-01-24 17:36:00,,Delayed,1.2,1,0,3.08,9.73,0.0,C0111,1,North,North,False,0.0,0.0
DL00399,O00966,D129,V107,H08,2025-04-17 00:14:00,,Delayed,5.64,1,0,2.38,12.78,0.0,C0568,12,Ctr,Central,False,0.0,0.0
DL00400,O00867,D165,V037,H06,2024-02-01 22:23:00,,Failed,25.59,2,0,2.48,16.84,0.0,C0313,6,Riverside,Ctr,False,0.0,0.0
DL00401,O00870,D067,V009,H08,2024-10-27 15:49:00,,OnTime,10.23,0,0,4.47,6.79,0.0,C0092,12,South,Airport,False,1.0,0.0
DL00402,O00539,D037,V005,H03,2024-12-04 02:08:00,2026-05-14 09:15:42,OnTime,10.83,0,0,5.0,9.69,12631.13,C0098,6,Ctr,East,True,0.0,1.0
DL00403,O00044,D131,V092,H07,2025-11-02 10:07:00,,OnTime,11.6,1,0,4.58,13.74,0.0,C0227,4,West,Riverside,False,0.0,1.0
DL00404,O00502,D049,V025,H02,2024-04-03 03:48:00,,OnTime,7.84,0,0,3.14,11.38,0.0,C0169,4,Riverside,South,False,0.0,1.0
DL00405,O00684,D052,V116,H01,2024-11-24 16:21:00,2026-05-14 22:51:00,OnTime,12.83,0,0,4.04,16.99,12870.5,C0064,24,Central,Airport,True,0.0,0.0
DL00406,O00720,D126,V006,H01,2024-08-29 21:02:00,,OnTime,29.85,1,0,5.0,15.78,0.0,C0140,2,Airport,Airport,False,1.0,0.0
DL00407,O00598,D010,V068,H06,2025-10-29 01:00:00,,OnTime,6.92,0,0,4.04,10.86,0.0,C0621,24,Riverside,Ctr,False,0.0,0.0
DL00408,O01019,D071,V057,H08,2024-04-16 01:49:00,,OnTime,8.49,0,0,3.3,8.4,0.0,C0626,4,West,East,False,0.0,0.0
DL00409,O00348,D047,V094,H04,2025-03-17 00:31:00,,OnTime,8.1,0,0,2.89,10.1,0.0,C0372,2,North,South,False,1.0,0.0
DL00410,O00249,D042,V004,H05,2024-11-07 21:14:00,,Delayed,5.13,3,0,4.44,9.64,0.0,C0566,2,Central,West,False,1.0,0.0
DL00411,O00108,D122,V065,H01,2024-11-30 15:03:00,,OnTime,11.22,0,0,4.68,5.75,0.0,C0046,12,West,East,False,0.0,0.0
DL00412,O00156,D025,V114,H02,2024-04-24 08:07:00,,OnTime,8.68,0,0,4.63,8.76,0.0,C0035,6,West,North,False,0.0,0.0
DL00413,O01077,D046,V035,H01,2024-08-30 00:32:00,,Failed,6.34,1,0,4.22,10.75,0.0,C0021,4,North,Riverside,False,0.0,1.0
DL00414,O00704,D002,V083,H02,2024-03-12 18:01:00,,OnTime,8.47,1,0,5.0,14.75,0.0,C0031,4,North,North,False,0.0,1.0
DL00415,O01145,D116,V031,H03,2024-02-22 02:27:00,,OnTime,13.31,0,0,4.23,10.05,0.0,C0548,24,East,North,False,0.0,0.0
DL00416,O00293,D067,V059,H04,2025-04-09 18:24:00,2026-05-14 16:42:36,OnTime,4.61,1,0,4.01,10.53,9598.31,C0165,6,Ctr,East,True,0.0,0.0
DL00417,O00615,D054,V085,H04,2025-02-08 21:37:00,2026-05-14 17:10:48,OnTime,13.05,0,0,4.08,18.58,11035.56,C0295,1,West,West,True,0.0,1.0
DL00418,O00075,D167,V019,H06,2024-11-02 06:29:00,,OnTime,4.73,1,0,5.0,10.5,0.0,C0026,2,North,East,False,0.0,1.0
DL00419,O00782,D043,V109,H06,2024-04-17 03:24:00,,OnTime,12.37,0,0,5.0,12.37,0.0,C0610,2,South,South,False,1.0,0.0
DL00420,O00412,D093,V078,H05,2024-10-08 14:08:00,2026-05-14 14:08:36,OnTime,10.0,0,0,4.12,9.3,13992.01,C0601,6,North,Airport,True,0.0,0.0
DL00421,O00286,D026,V039,H02,2025-07-05 22:02:00,2026-05-14 09:23:06,OnTime,17.73,1,0,4.49,8.92,7499.35,C0402,6,West,East,True,0.0,1.0
DL00422,O01178,D135,V066,H01,2024-01-13 23:04:00,,OnTime,14.18,0,0,4.88,10.37,0.0,C0362,4,West,Riverside,False,0.0,0.0
DL00423,O01245,D113,V110,H05,2025-10-05 16:04:00,,OnTime,22.08,1,0,4.11,10.84,0.0,C0237,2,Airport,Airport,False,0.0,1.0
DL00424,O00503,D061,V007,H08,2024-08-18 00:53:00,,OnTime,8.14,1,0,5.0,14.49,0.0,C0242,6,Central,Riverside,False,0.0,0.0
DL00425,O00564,D070,V090,H04,2024-09-03 00:37:00,,OnTime,13.09,1,0,4.82,4.86,0.0,C0535,12,North,Ctr,False,0.0,0.0
DL00426,O00814,D150,V053,H05,2025-03-26 04:54:00,,OnTime,12.88,1,0,4.57,19.14,0.0,C0464,12,East,Riverside,False,1.0,0.0
DL00427,O00414,D165,V058,H07,2025-04-05 22:47:00,,OnTime,9.53,0,0,3.92,9.98,0.0,C0023,6,South,West,False,1.0,0.0
DL00428,O00496,D109,V073,H07,2024-06-17 16:14:00,2026-05-14 20:06:42,OnTime,10.72,0,0,4.32,7.53,16707.88,C0627,4,South,Airport,True,1.0,0.0
DL00429,O00738,D030,V021,H07,2024-11-28 07:27:00,,Delayed,41.94,3,1,2.92,21.55,0.0,C0354,2,Airport,West,False,0.0,0.0
DL00430,O00779,D025,V065,H01,2025-07-25 14:03:00,,OnTime,12.92,0,0,5.0,11.78,0.0,C0397,24,Riverside,Ctr,False,0.0,0.0
DL00431,O00737,D164,V082,H01,2024-03-14 04:04:00,,OnTime,10.56,1,0,4.7,16.33,0.0,C0368,2,Central,Central,False,1.0,0.0
DL00432,O00658,D119,V011,H05,2025-07-24 13:29:00,2026-05-14 07:11:18,Failed,14.42,0,0,4.06,19.62,7049.7,C0533,12,North,North,True,0.0,0.0
DL00433,O00148,D133,V056,H01,2025-04-03 23:41:00,,OnTime,14.34,2,0,2.92,12.9,0.0,C0401,2,East,East,False,0.0,0.0
DL00434,O00395,D031,V063,H04,2024-09-28 10:53:00,2026-05-14 08:55:30,Delayed,16.69,0,1,3.34,16.51,14230.04,C0060,1,West,East,True,0.0,1.0
DL00435,O00198,D129,V087,H08,2024-09-13 18:46:00,,OnTime,10.63,0,0,5.0,4.82,0.0,C0487,2,West,Central,False,0.0,1.0
DL00436,O01063,D034,V076,H04,2024-07-27 22:20:00,2026-05-14 09:31:42,OnTime,9.89,0,0,4.0,12.8,15731.2,C0054,12,East,Riverside,True,1.0,0.0
DL00437,O01223,D167,V120,H05,2025-01-11 00:36:00,2026-05-14 06:30:06,OnTime,13.43,0,0,4.8,11.05,11717.9,C0522,12,East,Riverside,True,0.0,0.0
DL00438,O00992,D083,V078,H04,2024-03-08 16:52:00,,Failed,27.82,1,0,3.12,15.69,0.0,C0438,4,Ctr,South,False,0.0,0.0
DL00439,O00983,D117,V026,H07,2024-08-20 00:58:00,2026-05-14 12:47:24,Delayed,13.81,1,1,3.68,19.27,15179.82,C0538,4,Central,North,True,0.0,0.0
DL00440,O00758,D028,V046,H03,2024-02-26 13:10:00,2026-05-14 13:07:30,Delayed,10.74,4,0,3.54,9.77,19391.96,C0359,6,East,West,True,0.0,0.0
DL00441,O00014,D141,V068,H01,2024-08-25 12:01:00,2026-05-14 01:44:24,OnTime,8.82,0,0,4.7,7.36,15037.72,C0318,6,Ctr,Ctr,True,0.0,0.0
DL00442,O01090,D150,V099,H02,2025-09-11 20:27:00,,OnTime,8.63,1,0,4.98,6.69,0.0,C0414,24,South,Airport,False,0.0,0.0
DL00443,O01170,D070,V097,H06,2024-01-01 08:44:00,2026-05-14 11:11:36,OnTime,3.65,0,0,3.34,12.85,20738.46,C0321,6,Ctr,West,True,0.0,1.0
DL00444,O01221,D017,V109,H05,2024-04-13 09:44:00,,Failed,11.43,0,0,3.0,9.78,0.0,C0243,4,East,Ctr,False,0.0,0.0
DL00445,O00055,D074,V008,H03,2025-05-31 02:19:00,,Delayed,37.02,0,0,3.55,21.88,0.0,C0454,2,Airport,Riverside,False,1.0,0.0
DL00446,O00903,D002,V069,H07,2025-10-21 01:25:00,2026-05-14 22:35:18,Delayed,8.25,1,0,2.26,10.76,4941.17,C0380,4,Ctr,East,True,0.0,1.0
DL00447,O00812,D070,V043,H01,2025-04-12 19:06:00,2026-05-14 08:07:54,OnTime,9.36,1,0,4.55,9.47,9517.03,C0219,24,West,Airport,True,0.0,1.0
DL00448,O01033,D101,V108,H03,2024-08-30 13:56:00,,OnTime,11.14,0,0,4.65,14.25,0.0,C0234,1,West,Central,False,0.0,1.0
DL00449,O00454,D047,V025,H07,2025-04-15 03:39:00,,OnTime,14.65,0,0,4.58,12.62,0.0,C0251,12,West,North,False,0.0,0.0
DL00450,O01161,D049,V108,H06,2025-05-17 04:32:00,,Failed,10.61,1,0,3.99,12.55,0.0,C0359,4,Riverside,North,False,0.0,0.0
DL00451,O01188,D145,V114,H01,2024-06-25 12:25:00,,OnTime,11.19,0,0,3.58,14.22,0.0,C0291,1,Ctr,West,False,0.0,0.0
DL00452,O00468,D125,V051,H01,2024-03-29 12:52:00,2026-05-14 01:48:48,OnTime,8.52,1,0,3.65,12.49,18612.95,C0062,2,East,South,True,1.0,0.0
DL00453,O00248,D130,V007,H06,2024-03-22 18:52:00,,OnTime,11.9,1,0,4.04,8.88,0.0,C0153,4,South,Airport,False,0.0,0.0
DL00454,O00408,D102,V088,H04,2024-09-14 14:20:00,2026-05-14 01:49:42,OnTime,8.57,0,0,3.94,18.59,14555.5,C0446,24,North,West,True,0.0,0.0
DL00455,O00914,D094,V098,H01,2024-04-12 08:41:00,,OnTime,10.3,1,0,4.14,7.0,0.0,C0258,6,South,North,False,0.0,1.0
DL00456,O00157,D037,V035,H02,2024-09-16 20:38:00,,OnTime,26.36,0,0,4.83,10.84,0.0,C0513,2,Airport,North,False,0.0,1.0
DL00457,O00092,D110,V099,H06,2025-04-24 17:52:00,,OnTime,14.85,2,0,4.55,10.8,0.0,C0268,6,South,East,False,0.0,0.0
DL00458,O00172,D109,V119,H05,2025-01-17 19:21:00,2026-05-14 08:30:24,Delayed,6.39,0,0,3.34,10.15,11557.16,C0343,4,East,West,True,0.0,0.0
DL00459,O00831,D005,V084,H01,2025-02-27 09:04:00,,Failed,9.02,2,0,2.73,7.17,0.0,C0560,4,Riverside,Central,False,1.0,0.0
DL00460,O00522,D026,V103,H05,2024-02-09 11:26:00,,OnTime,14.04,1,0,3.86,13.03,0.0,C0594,24,Riverside,Central,False,0.0,0.0
DL00461,O00862,D089,V006,H08,2025-01-29 15:08:00,,OnTime,18.99,0,0,4.06,16.11,0.0,C0599,4,East,North,False,0.0,0.0
DL00462,O00099,D131,V058,H04,2025-10-04 22:47:00,2026-05-14 13:05:36,OnTime,16.049999999999997,4,0,4.99,15.19,5318.31,C0079,12,Airport,East,True,0.0,0.0
DL00463,O00271,D102,V023,H07,2025-09-17 00:16:00,2026-05-14 09:39:54,OnTime,8.97,0,0,3.56,12.95,5745.4,C0381,4,West,Ctr,True,1.0,1.0
DL00464,O01124,D017,V016,H04,2024-05-02 17:53:00,,OnTime,16.51,0,0,3.76,9.45,0.0,C0015,4,Riverside,South,False,1.0,1.0
DL00465,O00820,D080,V074,H08,2024-05-01 18:26:00,,OnTime,11.27,0,0,4.84,13.89,0.0,C0121,6,Riverside,North,False,0.0,0.0
DL00466,O00183,D098,V007,H01,2024-09-02 14:06:00,,OnTime,3.81,0,0,5.0,10.68,0.0,C0102,4,South,Riverside,False,0.0,0.0
DL00467,O00511,D078,V067,H05,2024-06-06 11:55:00,,OnTime,14.94,1,0,3.76,7.49,0.0,C0119,24,West,West,False,1.0,0.0
DL00468,O00519,D150,V022,H03,2025-04-20 06:37:00,2026-05-14 10:00:00,OnTime,19.78,0,0,3.78,19.89,9339.38,C0437,2,South,Riverside,True,0.0,1.0
DL00469,O00458,D027,V042,H03,2025-04-10 03:03:00,2026-05-14 15:10:30,Delayed,12.11,0,0,3.8,16.42,9588.12,C0546,12,Ctr,East,True,1.0,1.0
DL00470,O00562,D004,V120,H08,2024-07-21 10:43:00,,OnTime,3.36,2,0,3.97,13.27,0.0,C0382,4,East,West,False,0.0,0.0
DL00471,O01049,D088,V068,H01,2025-10-17 08:34:00,2026-05-14 06:53:36,OnTime,17.09,1,0,4.21,16.47,5014.33,C0527,12,West,West,True,0.0,0.0
DL00472,O00042,D113,V046,H01,2025-12-01 19:10:00,2026-05-14 16:03:06,Delayed,10.28,0,0,3.59,5.13,3932.88,C0606,24,Riverside,Ctr,True,0.0,1.0
DL00473,O00180,D105,V071,H07,2024-12-29 08:17:00,,OnTime,14.15,7,0,4.01,6.22,0.0,C0615,24,Central,North,False,0.0,0.0
DL00474,O00067,D004,V017,H04,2025-02-25 03:48:00,2026-05-14 16:14:00,OnTime,2.66,0,0,4.36,9.21,10644.43,C0339,6,West,West,True,0.0,1.0
DL00475,O01121,D074,V027,H07,2024-06-03 08:50:00,,OnTime,3.63,2,0,4.29,9.74,0.0,C0078,12,Central,South,False,1.0,1.0
DL00476,O00849,D094,V035,H07,2024-05-06 00:48:00,,Delayed,15.93,1,0,4.07,10.87,0.0,C0412,4,Airport,North,False,0.0,1.0
DL00477,O00613,D162,V002,H03,2025-12-02 22:57:00,,Delayed,25.16,1,0,4.04,23.03,0.0,C0650,4,Airport,Central,False,0.0,0.0
DL00478,O00947,D133,V109,H05,2024-01-31 17:32:00,,Delayed,9.6,2,0,1.46,11.77,0.0,C0467,4,North,North,False,0.0,1.0
DL00479,O00533,D091,V047,H01,2024-11-03 02:54:00,,Delayed,3.46,0,0,1.0,14.35,0.0,C0338,4,Ctr,North,False,0.0,1.0
DL00480,O00978,D119,V044,H07,2025-09-11 07:01:00,,OnTime,24.44,0,0,4.53,8.9,0.0,C0515,24,Riverside,Central,False,0.0,0.0
DL00481,O01095,D077,V086,H04,2024-03-14 17:15:00,,OnTime,16.16,1,0,3.89,22.66,0.0,C0612,6,South,Airport,False,0.0,1.0
DL00482,O00777,D141,V118,H02,2025-10-19 00:12:00,2026-05-14 22:41:12,Failed,11.35,1,1,2.32,18.23,4990.49,C0226,6,East,Riverside,True,0.0,0.0
DL00483,O00036,D135,V017,H06,2024-11-06 05:51:00,,Delayed,8.41,0,1,4.57,9.29,0.0,C0126,4,Riverside,North,False,0.0,0.0
DL00484,O00437,D144,V079,H02,2025-09-25 07:59:00,,OnTime,21.25,2,0,3.95,12.17,0.0,C0618,4,Airport,Riverside,False,1.0,0.0
DL00485,O00449,D121,V061,H03,2025-06-08 03:10:00,2026-05-14 22:24:12,OnTime,16.11,1,0,1.99,12.64,8179.24,C0544,2,North,Airport,True,0.0,0.0
DL00486,O00306,D052,V114,H01,2024-06-14 17:09:00,,Failed,14.52,0,1,4.61,14.81,0.0,C0613,4,North,North,False,0.0,0.0
DL00487,O01111,D054,V027,H03,2024-11-15 00:10:00,2026-05-14 17:33:42,OnTime,12.36,0,0,4.26,12.09,13097.4,C0167,6,South,North,True,0.0,0.0
DL00488,O01053,D038,V014,H08,2025-10-23 03:57:00,2026-05-14 18:12:06,OnTime,3.33,0,0,4.04,10.75,4886.25,C0106,6,East,West,True,0.0,0.0
DL00489,O00911,D130,V112,H02,2025-05-20 23:09:00,,OnTime,12.53,1,0,3.28,16.53,0.0,C0214,4,Riverside,Central,False,0.0,0.0
DL00490,O00701,D039,V035,H04,2025-12-15 21:19:00,,Failed,1.65,1,0,4.24,10.31,0.0,C0021,4,East,Riverside,False,0.0,0.0
DL00491,O00181,D124,V113,H08,2024-12-16 02:36:00,,OnTime,33.46,3,0,4.46,16.73,0.0,C0252,2,Airport,Airport,False,0.0,0.0
DL00492,O00035,D100,V108,H06,2024-06-14 15:50:00,,Failed,9.55,0,0,1.99,9.2,0.0,C0524,4,North,Central,False,0.0,0.0
DL00493,O00803,D017,V070,H03,2025-08-09 20:37:00,,OnTime,4.68,0,0,4.83,11.06,0.0,C0509,6,East,Airport,False,0.0,1.0
DL00494,O00322,D072,V058,H08,2025-03-11 22:48:00,,OnTime,14.05,2,0,4.29,11.2,0.0,C0495,4,Ctr,South,False,0.0,0.0
DL00495,O01189,D129,V006,H05,2024-05-23 01:38:00,2026-05-14 12:11:42,OnTime,33.39,2,0,4.94,19.23,17314.56,C0353,6,Airport,Riverside,True,0.0,1.0
DL00496,O00622,D142,V102,H02,2024-04-23 18:22:00,2026-05-14 12:08:18,OnTime,7.97,2,0,4.18,11.59,18017.77,C0439,24,Central,Central,True,0.0,1.0
DL00497,O00192,D083,V116,H08,2025-08-18 14:17:00,,Failed,12.14,1,0,3.23,11.88,0.0,C0404,24,Ctr,North,False,0.0,0.0
DL00498,O01205,D091,V018,H08,2024-12-20 02:21:00,2026-05-14 11:42:18,OnTime,8.6,0,0,3.75,2.93,12249.36,C0559,4,West,North,True,0.0,0.0
DL00499,O01144,D053,V038,H01,2025-02-07 22:48:00,,Delayed,10.41,0,0,3.5,10.6,0.0,C0571,4,Riverside,South,False,0.0,0.0
DL00500,O00556,D017,V063,H02,2024-09-01 03:37:00,,OnTime,6.73,1,0,3.72,11.11,0.0,C0643,2,Riverside,Airport,False,0.0,1.0
DL00501,O01211,D114,V087,H06,2025-11-12 07:51:00,,OnTime,9.66,0,0,4.47,15.25,0.0,C0345,24,South,South,False,1.0,0.0
DL00502,O01190,D114,V026,H03,2025-11-24 18:47:00,,OnTime,9.61,3,0,3.78,6.03,0.0,C0168,4,East,Central,False,0.0,0.0
DL00503,O00760,D154,V014,H07,2024-03-14 23:28:00,,OnTime,12.95,0,0,3.97,10.7,0.0,C0051,24,South,West,False,0.0,1.0
DL00504,O00679,D023,V098,H08,2024-11-15 04:30:00,,OnTime,6.55,1,0,5.0,12.11,0.0,C0244,24,West,South,False,0.0,0.0
DL00505,O00833,D170,V017,H08,2025-05-05 04:31:00,2026-05-14 10:37:36,Failed,12.0,3,1,2.71,12.22,8982.11,C0431,2,Central,Riverside,True,0.0,0.0
DL00506,O00094,D077,V079,H05,2024-09-27 03:56:00,,Delayed,17.369999999999997,2,0,3.11,9.14,0.0,C0361,6,Airport,North,False,1.0,0.0
DL00507,O00396,D021,V030,H07,2025-04-30 00:13:00,,Delayed,15.18,2,0,2.53,10.76,0.0,C0475,12,Central,East,False,0.0,1.0
DL00508,O00161,D015,V025,H03,2024-08-19 19:52:00,,OnTime,12.14,0,0,4.66,14.06,0.0,C0025,12,South,Airport,False,1.0,1.0
DL00509,O00719,D116,V086,H01,2024-01-04 19:33:00,,Delayed,16.37,0,0,1.0,11.37,0.0,C0395,2,West,Central,False,0.0,0.0
DL00510,O00359,D057,V004,H01,2024-08-17 23:15:00,,OnTime,12.07,0,0,4.04,18.19,0.0,C0048,24,East,Central,False,0.0,0.0
DL00511,O01237,D123,V083,H05,2025-12-30 09:00:00,,Delayed,9.94,0,0,1.37,10.76,0.0,C0357,12,Ctr,East,False,0.0,1.0
DL00512,O00224,D040,V029,H07,2024-05-22 23:18:00,,Delayed,8.4,3,1,3.51,11.49,0.0,C0045,24,North,Central,False,0.0,0.0
DL00513,O00420,D168,V043,H02,2025-01-25 09:44:00,,Delayed,12.02,0,0,3.75,18.86,0.0,C0506,4,Riverside,East,False,0.0,0.0
DL00514,O01250,D165,V052,H03,2024-06-28 09:25:00,2026-05-14 00:52:00,Delayed,10.32,3,0,2.35,7.89,16431.45,C0180,1,North,East,True,0.0,0.0
DL00515,O00619,D130,V005,H04,2025-09-01 14:52:00,2026-05-14 12:38:12,Failed,17.55,3,1,3.24,21.0,6117.77,C0268,1,Central,North,True,0.0,0.0
DL00516,O00337,D141,V117,H01,2024-11-05 06:45:00,,Delayed,21.23,2,0,1.57,10.77,0.0,C0463,6,West,Airport,False,0.0,0.0
DL00517,O00509,D104,V088,H08,2024-08-26 19:01:00,,OnTime,14.73,4,0,4.99,16.75,0.0,C0535,1,East,Central,False,0.0,0.0
DL00518,O00984,D041,V024,H06,2025-04-15 00:21:00,,OnTime,15.41,0,0,4.92,19.09,0.0,C0155,6,East,West,False,0.0,1.0
DL00519,O00446,D096,V065,H07,2025-03-22 14:42:00,,OnTime,29.8,2,0,4.04,10.84,0.0,C0172,12,Airport,East,False,0.0,0.0
DL00520,O00429,D055,V040,H01,2025-03-09 11:12:00,,Delayed,3.14,1,0,3.03,11.42,0.0,C0466,1,Riverside,South,False,0.0,0.0
DL00521,O00606,D038,V036,H08,2025-10-17 17:03:00,,Failed,5.35,2,0,2.51,7.1,0.0,C0050,1,Central,West,False,0.0,0.0
DL00522,O00296,D129,V013,H04,2024-01-10 19:26:00,,OnTime,10.01,0,0,4.54,8.94,0.0,C0400,6,South,North,False,1.0,0.0
DL00523,O00714,D026,V076,H01,2024-05-26 19:04:00,,OnTime,2.39,1,0,4.12,8.78,0.0,C0456,24,South,North,False,0.0,1.0
DL00524,O00683,D130,V005,H07,2025-05-01 08:21:00,2026-05-14 11:37:06,OnTime,16.66,2,0,4.83,17.68,9075.27,C0375,6,East,Airport,True,0.0,0.0
DL00525,O00351,D038,V006,H01,2024-04-22 05:04:00,,OnTime,28.2,2,0,4.04,19.16,0.0,C0259,1,Airport,West,False,1.0,1.0
DL00526,O01045,D068,V027,H06,2024-08-26 13:19:00,,Delayed,12.18,0,0,4.34,10.18,0.0,C0506,1,Ctr,Airport,False,0.0,0.0
DL00527,O00913,D108,V043,H07,2025-04-05 06:44:00,,OnTime,20.7,1,0,4.58,16.49,0.0,C0091,6,West,South,False,0.0,0.0
DL00528,O00826,D033,V008,H03,2024-04-06 07:05:00,2026-05-14 23:18:06,OnTime,24.17,2,0,4.66,20.91,18448.22,C0055,4,Airport,Ctr,True,0.0,0.0
DL00529,O00822,D088,V114,H06,2024-09-01 09:19:00,,Failed,1.2,0,0,2.64,7.53,0.0,C0186,1,West,South,False,0.0,1.0
DL00530,O00756,D095,V042,H01,2025-02-03 18:06:00,,Failed,30.51,2,0,2.54,19.5,0.0,C0413,24,Airport,North,False,0.0,0.0
DL00531,O00140,D163,V116,H04,2024-03-03 02:25:00,2026-05-14 18:14:24,OnTime,13.95,0,0,3.95,16.65,19263.82,C0621,4,North,North,True,0.0,0.0
DL00532,O00315,D009,V104,H02,2024-12-25 03:30:00,,OnTime,16.49,1,0,4.55,10.37,0.0,C0494,4,North,South,False,0.0,0.0
DL00533,O00543,D135,V002,H08,2025-07-18 06:49:00,,Failed,34.15,2,0,2.69,21.32,0.0,C0468,4,Airport,Riverside,False,0.0,0.0
DL00534,O00816,D166,V069,H08,2025-02-13 20:53:00,,OnTime,9.47,0,0,3.81,6.56,0.0,C0113,12,East,Ctr,False,0.0,0.0
DL00535,O01058,D033,V094,H07,2025-05-09 00:57:00,2026-05-14 20:23:54,OnTime,23.45,3,0,3.15,18.56,8899.45,C0215,6,Airport,West,True,0.0,0.0
DL00536,O01184,D055,V030,H01,2025-01-24 15:02:00,,Failed,7.04,2,0,1.07,14.06,0.0,C0253,12,Riverside,West,False,0.0,0.0
DL00537,O00083,D153,V033,H07,2024-10-23 00:53:00,,OnTime,30.51,1,0,3.67,9.75,0.0,C0215,2,Airport,South,False,0.0,0.0
DL00538,O00682,D141,V015,H07,2024-10-05 12:07:00,,Delayed,8.55,0,1,2.66,3.46,0.0,C0529,2,North,Ctr,False,1.0,0.0
DL00539,O01160,D067,V111,H03,2024-05-13 01:19:00,2026-05-14 22:01:42,OnTime,13.52,0,0,4.95,10.35,17564.71,C0548,4,Riverside,Airport,True,0.0,1.0
DL00540,O00068,D008,V072,H04,2025-10-13 12:06:00,,Delayed,16.2,2,0,3.21,16.04,0.0,C0084,2,Riverside,East,False,0.0,0.0
DL00541,O01142,D022,V013,H04,2025-11-07 11:29:00,,OnTime,6.68,1,0,3.89,8.98,0.0,C0136,24,East,West,False,0.0,0.0
DL00542,O00415,D125,V114,H02,2024-06-27 18:22:00,2026-05-14 23:54:06,OnTime,7.18,0,0,4.19,5.99,16469.54,C0591,4,Ctr,Riverside,True,0.0,0.0
DL00543,O00218,D102,V098,H03,2025-09-15 02:24:00,,OnTime,12.01,0,0,5.0,5.87,0.0,C0154,2,North,West,False,0.0,0.0
DL00544,O00345,D154,V082,H08,2025-10-04 22:41:00,,Delayed,13.93,2,0,3.17,8.53,0.0,C0337,6,East,Central,False,0.0,0.0
DL00545,O01067,D113,V072,H04,2024-06-16 04:56:00,2026-05-14 22:38:48,Delayed,12.43,0,0,5.0,13.31,16745.71,C0304,12,North,West,True,0.0,1.0
DL00546,O00324,D095,V052,H04,2025-08-06 07:36:00,2026-05-14 15:57:30,OnTime,8.95,2,0,4.11,10.57,6752.36,C0019,1,South,Riverside,True,0.0,0.0
DL00547,O00778,D014,V090,H05,2025-10-07 19:49:00,,OnTime,11.03,0,0,4.93,14.38,0.0,C0514,4,North,Ctr,False,0.0,1.0
DL00548,O00537,D132,V039,H05,2024-06-25 11:02:00,,Failed,10.4,1,0,3.34,11.4,0.0,C0153,6,Central,Ctr,False,0.0,1.0
DL00549,O00476,D001,V094,H06,2024-02-23 06:45:00,,OnTime,10.11,0,0,4.67,14.59,0.0,C0078,24,West,East,False,1.0,0.0
DL00550,O00572,D110,V065,H01,2025-02-06 21:04:00,,OnTime,14.34,2,0,4.69,12.06,0.0,C0202,4,West,Riverside,False,0.0,0.0
DL00551,O00448,D108,V114,H04,2025-02-11 16:05:00,2026-05-14 11:25:06,OnTime,18.74,3,0,4.79,21.38,10963.34,C0487,4,Central,North,True,0.0,0.0
DL00552,O00298,D115,V010,H01,2025-01-06 07:28:00,,OnTime,1.9,1,0,4.8,13.26,0.0,C0184,4,West,North,False,0.0,0.0
DL00553,O00491,D090,V066,H02,2024-07-03 16:22:00,2026-05-14 00:56:42,OnTime,13.19,2,0,4.66,10.34,16304.58,C0460,1,South,West,True,0.0,1.0
DL00554,O00709,D117,V086,H04,2025-12-09 04:47:00,,OnTime,11.59,1,0,4.69,14.76,0.0,C0369,12,North,Airport,False,1.0,0.0
DL00555,O00839,D129,V013,H01,2024-01-31 20:31:00,,OnTime,6.51,2,0,3.97,11.19,0.0,C0046,6,Riverside,West,False,1.0,0.0
DL00556,O00702,D070,V030,H07,2024-12-28 22:07:00,,OnTime,5.03,0,0,3.91,8.15,0.0,C0228,4,East,Riverside,False,1.0,0.0
DL00557,O00781,D055,V027,H08,2024-11-19 14:07:00,,OnTime,17.54,2,0,5.0,13.31,0.0,C0049,12,North,Ctr,False,0.0,1.0
DL00558,O00142,D024,V011,H05,2024-10-31 20:22:00,,Failed,14.64,1,0,1.0,18.56,0.0,C0628,12,Ctr,Airport,False,0.0,0.0
DL00559,O00988,D131,V044,H05,2024-11-17 20:37:00,,Failed,6.97,2,0,1.92,11.38,0.0,C0330,6,Central,Riverside,False,0.0,0.0
DL00560,O00077,D127,V120,H08,2025-07-30 07:48:00,2026-05-14 13:33:00,OnTime,4.49,2,0,4.38,14.99,6917.75,C0543,4,Riverside,Central,True,0.0,0.0
DL00561,O00086,D054,V005,H03,2024-07-20 06:42:00,2026-05-14 20:25:30,OnTime,7.67,2,0,3.5,19.2,15925.72,C0255,4,Central,Airport,True,0.0,1.0
DL00562,O00746,D128,V113,H08,2024-12-14 10:47:00,2026-05-14 16:25:24,OnTime,13.59,0,0,3.98,10.51,12389.64,C0014,1,North,Riverside,True,0.0,1.0
DL00563,O01238,D093,V045,H02,2025-04-18 05:35:00,,OnTime,10.07,1,0,5.0,12.75,0.0,C0318,12,South,North,False,0.0,0.0
DL00564,O00824,D077,V120,H03,2024-08-17 23:23:00,,OnTime,18.23,0,0,4.18,10.05,0.0,C0074,12,South,East,False,1.0,0.0
DL00565,O00344,D151,V022,H06,2024-08-28 08:16:00,2026-05-14 17:14:12,OnTime,14.95,2,0,3.82,8.75,14984.97,C0594,6,Central,North,True,0.0,0.0
DL00566,O01226,D162,V082,H03,2025-03-02 06:49:00,,OnTime,22.66,1,0,3.7,14.91,0.0,C0140,6,South,South,False,0.0,0.0
DL00567,O00918,D142,V051,H03,2024-11-26 06:40:00,2026-05-14 20:28:06,OnTime,10.47,0,0,4.8,11.4,12829.8,C0147,1,Riverside,North,True,0.0,0.0
DL00568,O00244,D167,V082,H04,2024-11-11 09:39:00,,OnTime,11.52,0,0,5.0,9.33,0.0,C0519,1,North,Riverside,False,0.0,1.0
DL00569,O00312,D066,V116,H01,2025-11-07 01:03:00,2026-05-14 18:29:48,OnTime,20.95,1,0,4.56,19.6,4529.45,C0164,6,East,East,True,0.0,1.0
DL00570,O00319,D017,V028,H08,2024-01-22 10:23:00,,OnTime,20.67,1,0,5.0,9.88,0.0,C0335,24,Ctr,Airport,False,0.0,0.0
DL00571,O00413,D003,V029,H01,2025-04-01 22:46:00,,OnTime,23.53,3,0,4.5,14.49,0.0,C0183,4,Airport,North,False,0.0,0.0
DL00572,O00905,D002,V048,H08,2025-09-04 03:45:00,,OnTime,8.35,3,0,3.96,11.45,0.0,C0622,6,East,Central,False,0.0,0.0
DL00573,O01214,D118,V077,H02,2024-05-07 23:32:00,2026-05-14 20:03:12,OnTime,7.3,1,0,5.0,14.05,17684.52,C0386,4,Central,North,True,0.0,1.0
DL00574,O00693,D048,V016,H05,2025-11-08 19:41:00,2026-05-14 16:21:00,Failed,24.31,1,0,4.63,16.24,4484.67,C0199,2,Airport,Airport,True,0.0,1.0
DL00575,O01177,D133,V105,H04,2024-10-17 04:35:00,2026-05-14 22:26:30,OnTime,12.03,2,0,4.05,10.65,13793.86,C0611,12,Ctr,South,True,0.0,0.0
DL00576,O00483,D133,V021,H08,2024-11-17 01:34:00,,Failed,13.83,1,0,5.0,16.98,0.0,C0285,1,Riverside,North,False,1.0,1.0
DL00577,O00973,D108,V043,H05,2024-01-12 21:57:00,2026-05-14 09:43:36,OnTime,21.03,1,0,3.86,12.99,20459.78,C0506,1,Airport,West,True,0.0,1.0
DL00578,O00115,D032,V108,H06,2024-02-21 08:24:00,2026-05-14 09:53:06,OnTime,11.09,0,0,4.55,7.9,19513.48,C0157,6,East,North,True,1.0,1.0
DL00579,O00168,D103,V115,H03,2025-06-11 06:05:00,,Delayed,14.98,1,0,3.78,8.97,0.0,C0464,6,Central,Riverside,False,0.0,0.0
DL00580,O00063,D026,V066,H04,2025-07-13 06:28:00,,OnTime,15.1,1,0,4.99,17.2,0.0,C0168,12,South,Airport,False,0.0,0.0
DL00581,O00995,D139,V062,H01,2024-08-09 08:49:00,2026-05-14 03:16:36,OnTime,12.14,4,0,3.48,16.92,15426.46,C0622,24,Central,West,True,0.0,0.0
DL00582,O00765,D024,V091,H05,2024-07-13 04:34:00,,Failed,19.38,2,0,2.4,22.61,0.0,C0187,12,Ctr,West,False,1.0,0.0
DL00583,O00064,D015,V098,H01,2025-10-14 08:48:00,,OnTime,14.6,1,0,4.53,6.16,0.0,C0346,12,Central,Riverside,False,0.0,0.0
DL00584,O00588,D043,V103,H05,2024-06-03 13:36:00,,OnTime,23.9,1,0,3.7,12.24,0.0,C0515,4,Airport,Airport,False,1.0,0.0
DL00585,O00132,D149,V049,H01,2025-01-22 10:55:00,,Delayed,1.2,1,0,3.52,10.18,0.0,C0224,2,Ctr,Central,False,0.0,0.0
DL00586,O01037,D076,V114,H03,2025-04-28 07:18:00,,OnTime,15.54,0,0,3.51,12.03,0.0,C0226,6,South,North,False,0.0,0.0
DL00587,O00182,D166,V009,H01,2024-01-12 10:05:00,,OnTime,4.98,1,0,4.15,3.57,0.0,C0258,2,West,West,False,0.0,1.0
DL00588,O00896,D131,V026,H06,2024-06-29 21:53:00,2026-05-14 00:23:30,Failed,10.09,1,0,3.18,11.57,16394.51,C0145,6,East,South,True,0.0,0.0
DL00589,O00940,D141,V102,H01,2025-10-26 07:53:00,2026-05-14 11:25:12,Delayed,21.39,1,0,1.93,16.86,4803.54,C0575,6,West,West,True,0.0,0.0
DL00590,O00229,D112,V017,H07,2024-08-31 05:34:00,,Delayed,7.56,4,0,3.44,12.03,0.0,C0335,6,Central,Riverside,False,1.0,1.0
DL00591,O00792,D087,V057,H01,2025-02-02 07:06:00,,OnTime,11.26,1,0,3.22,8.22,0.0,C0173,4,Riverside,South,False,1.0,0.0
DL00592,O00526,D146,V001,H04,2024-01-19 17:17:00,,OnTime,17.21,2,0,4.58,20.05,0.0,C0630,4,Airport,West,False,0.0,1.0
DL00593,O01174,D110,V058,H03,2024-11-21 09:11:00,2026-05-14 20:13:00,OnTime,10.76,3,0,5.0,11.92,12947.03,C0605,6,Riverside,Airport,True,0.0,0.0
DL00594,O00267,D045,V064,H05,2024-01-16 23:13:00,,OnTime,32.25,0,0,4.02,20.99,0.0,C0256,6,Airport,North,False,1.0,0.0
DL00595,O01243,D139,V021,H01,2025-09-10 11:13:00,2026-05-14 20:03:42,OnTime,9.13,2,0,4.84,13.68,5912.84,C0428,12,East,Central,True,0.0,0.0
DL00596,O00427,D102,V065,H06,2025-06-21 23:24:00,,OnTime,16.37,0,0,4.1,8.58,0.0,C0151,1,Ctr,West,False,0.0,1.0
DL00597,O00428,D049,V043,H07,2024-03-31 06:54:00,,OnTime,1.2,0,0,4.12,3.74,0.0,C0275,1,West,Airport,False,0.0,0.0
DL00598,O00753,D056,V032,H02,2025-01-18 05:04:00,,OnTime,40.68,1,0,4.66,18.96,0.0,C0369,2,Airport,Riverside,False,1.0,0.0
DL00599,O01150,D133,V112,H01,2025-02-20 06:18:00,,OnTime,7.34,0,0,5.0,4.99,0.0,C0270,1,North,West,False,0.0,1.0
DL00600,O01099,D039,V114,H07,2024-04-05 23:46:00,2026-05-14 09:46:18,OnTime,10.4,1,0,3.91,11.24,18442.0,C0302,24,East,Ctr,True,0.0,0.0
DL00601,O00538,D166,V091,H08,2025-04-05 17:41:00,,OnTime,8.52,1,0,3.0,10.47,0.0,C0377,1,West,Ctr,False,0.0,0.0
DL00602,O00318,D157,V009,H03,2024-08-17 01:09:00,,Delayed,7.02,1,1,2.86,11.51,0.0,C0009,6,Riverside,South,False,0.0,1.0
DL00603,O00194,D069,V082,H05,2024-03-16 09:13:00,,OnTime,15.77,2,0,4.17,17.07,0.0,C0191,1,Central,Riverside,False,0.0,1.0
DL00604,O00294,D064,V111,H07,2025-01-05 17:44:00,,OnTime,20.21,1,0,4.67,17.56,0.0,C0486,1,Airport,Airport,False,0.0,0.0
DL00605,O00200,D093,V052,H02,2024-01-26 11:06:00,,OnTime,17.8,0,0,4.59,9.58,0.0,C0060,4,Ctr,Riverside,False,0.0,0.0
DL00606,O00012,D075,V112,H04,2024-01-16 13:32:00,,OnTime,13.39,0,0,4.12,13.11,0.0,C0567,12,East,Airport,False,1.0,0.0
DL00607,O00473,D119,V059,H01,2024-09-11 14:41:00,2026-05-14 15:00:00,OnTime,1.35,0,0,4.72,7.33,14640.32,C0266,2,East,Airport,True,0.0,1.0
DL00608,O00357,D143,V042,H01,2024-12-28 16:27:00,,OnTime,9.33,2,0,4.24,8.18,0.0,C0608,2,Central,South,False,0.0,1.0
DL00609,O00934,D062,V053,H01,2024-06-29 06:33:00,2026-05-14 14:24:12,Failed,17.27,3,0,2.25,9.71,16423.85,C0437,4,North,East,True,0.0,0.0
DL00610,O00259,D055,V050,H05,2025-09-09 11:34:00,2026-05-14 09:42:48,OnTime,20.47,2,0,5.0,11.93,5926.15,C0122,24,South,East,True,1.0,0.0
DL00611,O00243,D117,V020,H05,2024-03-08 05:50:00,,OnTime,12.23,1,0,3.99,12.18,0.0,C0153,6,South,West,False,0.0,0.0
DL00612,O00327,D166,V022,H07,2024-12-05 03:28:00,,OnTime,8.47,1,0,4.42,13.57,0.0,C0435,4,North,North,False,0.0,1.0
DL00613,O00361,D102,V020,H04,2024-01-16 11:16:00,2026-05-14 11:31:24,OnTime,14.31,2,0,4.93,15.26,20376.26,C0345,1,East,South,True,0.0,0.0
DL00614,O00179,D087,V104,H03,2024-07-25 18:39:00,,OnTime,12.03,4,0,3.86,10.54,0.0,C0343,12,Central,Riverside,False,0.0,0.0
DL00615,O00627,D074,V069,H08,2025-04-22 20:08:00,2026-05-14 23:08:30,Delayed,7.97,2,0,4.04,13.12,9291.01,C0114,6,Central,Central,True,0.0,0.0
DL00616,O01068,D041,V081,H08,2025-04-10 22:22:00,,Delayed,13.75,0,0,2.32,14.94,0.0,C0089,2,Riverside,West,False,0.0,0.0
DL00617,O01023,D030,V045,H04,2024-11-04 00:22:00,,OnTime,13.63,0,0,4.33,8.71,0.0,C0243,6,Riverside,Ctr,False,0.0,0.0
DL00618,O01159,D046,V024,H06,2024-07-26 02:15:00,,OnTime,14.66,2,0,4.62,9.48,0.0,C0069,24,West,North,False,0.0,0.0
DL00619,O00589,D146,V070,H08,2024-05-23 06:26:00,2026-05-14 08:02:42,Failed,9.01,0,0,3.44,9.46,17305.61,C0344,6,Riverside,Central,True,0.0,0.0
DL00620,O00642,D117,V098,H04,2024-06-28 03:31:00,,OnTime,11.79,0,0,5.0,14.82,0.0,C0329,4,Riverside,Airport,False,0.0,0.0
DL00621,O00838,D044,V110,H07,2025-01-25 00:38:00,2026-05-14 06:47:06,OnTime,7.52,1,0,5.0,14.56,11382.15,C0549,6,Ctr,Central,True,1.0,0.0
DL00622,O00939,D036,V097,H04,2025-01-24 02:51:00,,OnTime,12.19,1,0,5.0,10.0,0.0,C0085,12,South,South,False,0.0,0.0
DL00623,O00751,D166,V120,H03,2024-06-26 03:25:00,2026-05-14 03:25:06,OnTime,9.76,2,0,3.82,11.28,16488.0,C0282,4,North,West,True,1.0,0.0
DL00624,O00486,D110,V098,H02,2024-08-12 17:01:00,,OnTime,19.21,0,0,4.04,15.84,0.0,C0316,2,Central,North,False,0.0,0.0
DL00625,O00980,D098,V022,H04,2024-11-25 23:32:00,,Delayed,19.05,1,1,1.83,20.54,0.0,C0545,4,West,Riverside,False,1.0,0.0
DL00626,O00088,D082,V085,H05,2024-06-14 11:04:00,,OnTime,18.51,1,0,4.57,17.13,0.0,C0157,24,Riverside,East,False,0.0,0.0
DL00627,O00695,D142,V108,H06,2024-03-19 10:09:00,,OnTime,10.41,0,0,4.25,17.46,0.0,C0006,6,South,East,False,0.0,1.0
DL00628,O00166,D115,V095,H03,2025-05-30 18:43:00,,Delayed,10.81,1,0,4.06,11.58,0.0,C0517,4,East,South,False,1.0,0.0
DL00629,O00987,D057,V031,H08,2024-05-23 08:59:00,,OnTime,14.0,1,0,3.96,7.1,0.0,C0612,24,West,Ctr,False,0.0,1.0
DL00630,O00342,D153,V004,H08,2025-11-13 00:22:00,,OnTime,13.33,0,0,3.97,5.52,0.0,C0643,6,North,South,False,0.0,0.0
DL00631,O01083,D124,V090,H01,2025-05-05 10:46:00,2026-05-14 19:38:30,Delayed,13.35,1,0,2.82,10.41,8984.88,C0156,12,East,South,True,0.0,0.0
DL00632,O00498,D076,V084,H07,2024-10-28 08:11:00,,Delayed,13.26,0,0,1.74,14.75,0.0,C0081,4,South,Ctr,False,0.0,0.0
DL00633,O00272,D127,V047,H05,2024-12-11 06:48:00,2026-05-14 20:32:06,OnTime,11.86,2,0,4.06,13.31,12469.74,C0647,24,Riverside,Central,True,1.0,1.0
DL00634,O00245,D077,V032,H02,2025-08-08 19:33:00,,Delayed,11.96,1,0,2.3,9.41,0.0,C0096,4,South,South,False,0.0,1.0
DL00635,O00516,D053,V062,H06,2024-06-08 22:52:00,,Failed,13.35,1,0,3.18,14.1,0.0,C0473,2,South,East,False,0.0,0.0
DL00636,O00880,D054,V104,H04,2024-08-24 19:54:00,2026-05-14 15:28:54,OnTime,10.04,2,0,3.89,13.35,15067.58,C0020,24,South,North,True,1.0,1.0
DL00637,O01069,D011,V046,H08,2025-08-25 03:45:00,2026-05-14 09:57:24,OnTime,7.12,0,0,3.8,8.9,6294.21,C0219,12,Central,North,True,0.0,0.0
DL00638,O00749,D091,V045,H05,2025-08-14 20:13:00,,Delayed,14.19,0,0,4.22,10.35,0.0,C0196,6,East,Riverside,False,0.0,0.0
DL00639,O00090,D053,V073,H07,2024-10-23 06:26:00,,OnTime,9.72,0,0,4.45,16.68,0.0,C0490,4,Riverside,South,False,0.0,0.0
DL00640,O00840,D119,V093,H08,2024-03-28 19:02:00,,OnTime,11.78,2,0,5.0,10.44,0.0,C0358,6,South,East,False,1.0,0.0
DL00641,O00955,D092,V010,H01,2025-01-04 17:23:00,,Failed,10.48,0,0,2.54,13.58,0.0,C0163,4,Central,West,False,1.0,0.0
DL00642,O00212,D153,V024,H07,2025-01-04 23:50:00,2026-05-14 23:43:54,OnTime,20.42,1,0,4.48,14.05,11879.9,C0121,4,East,Ctr,True,0.0,0.0
DL00643,O00926,D114,V047,H02,2024-07-03 02:35:00,,OnTime,13.71,2,0,4.5,15.88,0.0,C0322,12,East,East,False,0.0,0.0
DL00644,O00585,D097,V119,H01,2025-02-25 14:04:00,,Failed,6.36,0,0,3.11,13.31,0.0,C0160,1,South,Riverside,False,0.0,0.0
DL00645,O00158,D129,V090,H02,2024-07-11 17:47:00,,Failed,6.06,2,0,2.77,13.29,0.0,C0620,24,Central,West,False,0.0,0.0
DL00646,O00707,D023,V100,H06,2024-11-10 06:33:00,,OnTime,8.31,0,0,4.38,4.79,0.0,C0156,4,Central,East,False,0.0,0.0
DL00647,O00550,D067,V001,H02,2025-01-19 02:17:00,,OnTime,8.7,1,0,4.52,10.41,0.0,C0502,24,Central,Riverside,False,0.0,0.0
DL00648,O00551,D143,V045,H02,2024-06-16 13:01:00,2026-05-14 08:30:18,OnTime,9.21,0,0,4.43,14.38,16723.49,C0317,6,Ctr,East,True,1.0,0.0
DL00649,O00110,D075,V073,H01,2024-08-23 13:10:00,,OnTime,9.4,1,0,5.0,12.55,0.0,C0446,4,Central,South,False,0.0,0.0
DL00650,O00106,D097,V035,H01,2025-11-29 06:15:00,2026-05-14 03:53:48,OnTime,8.16,0,0,4.26,11.01,3981.65,C0065,6,East,Riverside,True,0.0,1.0
DL00651,O00107,D090,V022,H04,2024-11-14 01:39:00,,Delayed,6.01,1,0,3.71,9.58,0.0,C0205,2,Riverside,Ctr,False,0.0,0.0
DL00652,O00928,D129,V028,H07,2024-02-28 14:26:00,2026-05-14 02:52:12,OnTime,14.7,1,0,3.65,7.18,19332.44,C0231,24,South,Airport,True,0.0,0.0
DL00653,O00076,D043,V096,H04,2025-12-25 05:43:00,,Delayed,12.43,3,0,2.71,13.03,0.0,C0075,4,Ctr,Riverside,False,0.0,0.0
DL00654,O00897,D078,V057,H04,2025-09-21 21:38:00,,Failed,17.42,0,0,2.92,13.13,0.0,C0434,6,South,West,False,0.0,0.0
DL00655,O01222,D156,V042,H08,2025-09-10 03:29:00,,OnTime,12.34,1,0,4.66,3.15,0.0,C0361,12,North,East,False,1.0,1.0
DL00656,O00747,D134,V089,H03,2025-08-05 09:12:00,2026-05-14 00:15:12,OnTime,15.27,0,0,4.04,12.29,6759.05,C0264,2,East,South,True,0.0,0.0
DL00657,O00674,D145,V072,H01,2025-08-11 17:47:00,2026-05-14 13:33:06,Failed,14.98,2,0,1.95,17.49,6619.77,C0235,2,Central,East,True,0.0,0.0
DL00658,O01123,D001,V073,H04,2024-01-31 07:38:00,,Failed,6.23,1,0,4.41,6.01,0.0,C0274,24,South,West,False,0.0,0.0
DL00659,O00308,D046,V082,H02,2025-03-28 16:40:00,,OnTime,34.92,2,0,4.31,16.73,0.0,C0458,12,Airport,West,False,0.0,0.0
DL00660,O00016,D008,V001,H02,2025-07-29 13:52:00,2026-05-14 01:03:00,OnTime,16.1,2,0,3.36,14.03,6923.18,C0022,6,Central,Ctr,True,0.0,0.0
DL00661,O01038,D145,V067,H03,2024-12-01 01:45:00,2026-05-14 12:26:00,OnTime,19.41,2,0,4.41,17.61,12706.68,C0141,6,West,South,True,0.0,1.0
DL00662,O00365,D118,V013,H03,2024-01-11 13:00:00,2026-05-14 14:42:24,OnTime,21.14,0,0,4.62,16.89,20497.71,C0237,4,East,West,True,0.0,0.0
DL00663,O00865,D017,V070,H03,2024-03-22 01:14:00,2026-05-14 15:39:30,OnTime,15.24,1,0,3.19,16.61,18806.42,C0597,2,East,South,True,1.0,0.0
DL00664,O00430,D152,V027,H07,2025-01-15 03:49:00,2026-05-14 16:09:36,Failed,20.64,1,1,3.36,25.46,11628.34,C0029,12,Central,South,True,1.0,0.0
DL00665,O00268,D124,V100,H03,2024-01-29 08:37:00,2026-05-14 14:11:18,Delayed,20.03,3,1,2.49,15.01,20069.57,C0475,4,West,West,True,1.0,0.0
DL00666,O00350,D055,V066,H05,2024-11-20 04:37:00,2026-05-14 18:52:18,OnTime,5.38,0,0,4.67,10.56,12974.26,C0197,4,East,West,True,0.0,0.0
DL00667,O01088,D049,V087,H08,2024-12-02 12:50:00,2026-05-14 12:08:54,OnTime,9.91,1,0,4.8,13.21,12671.32,C0444,6,North,West,True,1.0,0.0
DL00668,O01140,D107,V018,H05,2025-09-26 01:35:00,2026-05-14 09:15:24,OnTime,19.54,0,0,4.57,16.84,5527.67,C0244,6,East,South,True,0.0,0.0
DL00669,O01235,D039,V001,H08,2025-06-01 03:54:00,,OnTime,15.65,0,0,3.31,12.4,0.0,C0636,1,North,Riverside,False,0.0,1.0
DL00670,O01248,D098,V006,H04,2024-08-30 19:26:00,,OnTime,11.65,1,0,4.28,17.56,0.0,C0517,24,South,Riverside,False,0.0,1.0
DL00671,O00005,D054,V073,H03,2025-02-17 20:23:00,2026-05-14 05:00:00,OnTime,16.01,1,0,4.38,13.53,10808.62,C0558,12,Riverside,South,True,1.0,0.0
DL00672,O00017,D108,V030,H02,2025-05-27 11:38:00,2026-05-14 21:51:36,OnTime,35.33,5,0,4.94,19.77,8458.23,C0499,24,Airport,South,True,0.0,1.0
DL00673,O00651,D125,V047,H03,2024-09-29 10:51:00,2026-05-14 22:58:12,OnTime,13.26,0,0,4.71,11.92,14220.12,C0345,6,South,South,True,0.0,1.0
DL00674,O00456,D005,V078,H01,2024-01-16 04:57:00,2026-05-14 20:05:00,OnTime,12.96,1,0,4.96,8.1,20391.13,C0124,2,East,Riverside,True,0.0,1.0
DL00675,O00436,D120,V008,H07,2025-01-29 18:44:00,,OnTime,23.3,3,0,3.5,13.77,0.0,C0218,1,Airport,North,False,0.0,0.0
DL00676,O00515,D033,V027,H05,2024-02-03 12:39:00,2026-05-14 14:23:36,OnTime,3.67,1,0,3.87,10.33,19945.74,C0578,6,North,North,True,1.0,0.0
DL00677,O00528,D001,V036,H03,2024-10-13 11:51:00,,OnTime,18.36,2,0,3.82,10.56,0.0,C0152,12,Central,Ctr,False,0.0,0.0
DL00678,O00441,D133,V119,H07,2025-04-01 12:54:00,,OnTime,8.13,0,0,4.29,6.46,0.0,C0509,12,East,Central,False,1.0,0.0
DL00679,O01122,D008,V098,H04,2025-10-06 07:57:00,2026-05-14 15:06:12,Delayed,1.2,2,0,2.15,12.25,5287.15,C0390,12,South,Riverside,True,0.0,0.0
DL00680,O01148,D064,V056,H04,2024-11-19 06:45:00,2026-05-14 09:27:48,OnTime,12.17,0,0,4.49,8.14,12986.71,C0606,24,Ctr,Riverside,True,0.0,0.0
DL00681,O01197,D046,V033,H01,2024-01-27 02:16:00,2026-05-14 15:53:12,Delayed,13.28,0,0,1.97,18.74,20125.62,C0359,24,Ctr,Airport,True,0.0,0.0
DL00682,O00264,D039,V004,H08,2025-08-12 12:49:00,2026-05-14 08:01:42,OnTime,11.86,0,0,5.0,14.2,6595.21,C0633,6,East,Airport,True,0.0,0.0
DL00683,O00560,D102,V008,H03,2025-08-05 18:41:00,2026-05-14 14:19:30,Delayed,21.04,0,0,2.52,19.01,6763.64,C0260,6,Riverside,East,True,0.0,0.0
DL00684,O00986,D026,V027,H08,2024-02-06 11:40:00,,Delayed,12.6,1,1,3.71,10.36,0.0,C0303,24,South,South,False,0.0,1.0
DL00685,O00113,D002,V042,H03,2024-02-12 05:54:00,,Failed,10.66,1,0,2.68,10.8,0.0,C0640,2,East,North,False,0.0,1.0
DL00686,O00523,D083,V002,H08,2025-11-04 08:01:00,2026-05-14 17:37:24,OnTime,24.04,3,0,5.0,12.99,4593.61,C0181,6,Airport,Airport,True,0.0,0.0
DL00687,O00328,D168,V072,H06,2024-09-12 07:45:00,,OnTime,16.38,2,0,5.0,15.23,0.0,C0491,2,East,South,False,0.0,0.0
DL00688,O00385,D117,V068,H03,2025-10-24 17:08:00,,OnTime,17.58,0,0,4.16,13.79,0.0,C0646,4,Riverside,Riverside,False,1.0,1.0
DL00689,O00165,D087,V048,H07,2024-03-16 15:57:00,,OnTime,16.14,1,0,4.14,18.83,0.0,C0275,24,North,Central,False,0.0,0.0
DL00690,O00129,D167,V096,H01,2024-12-12 05:16:00,,Failed,17.64,0,0,2.59,15.08,0.0,C0538,12,Central,North,False,1.0,1.0
DL00691,O00022,D055,V091,H01,2025-04-20 21:40:00,,Delayed,4.45,0,0,4.36,13.49,0.0,C0594,12,Riverside,Central,False,0.0,0.0
DL00692,O00176,D093,V100,H07,2025-04-15 11:14:00,,OnTime,14.91,0,0,3.65,16.9,0.0,C0479,4,Central,Ctr,False,0.0,0.0
DL00693,O00154,D137,V063,H03,2024-08-20 06:10:00,,Delayed,13.63,0,0,2.62,11.31,0.0,C0535,12,North,Airport,False,1.0,0.0
DL00694,O00457,D087,V038,H05,2024-03-31 09:26:00,,Failed,14.66,0,1,1.68,13.68,0.0,C0396,12,East,East,False,0.0,1.0
DL00695,O00195,D017,V067,H06,2024-06-02 20:32:00,,Delayed,18.13,1,0,3.49,16.69,0.0,C0404,12,Ctr,East,False,0.0,0.0
DL00696,O01210,D016,V035,H07,2025-04-01 13:32:00,,OnTime,4.73,2,0,3.18,11.48,0.0,C0581,2,Riverside,Riverside,False,0.0,0.0
DL00697,O00117,D010,V080,H06,2024-06-10 11:21:00,,OnTime,13.19,1,0,5.0,10.04,0.0,C0516,12,East,South,False,1.0,0.0
DL00698,O00882,D101,V092,H07,2024-09-01 12:12:00,,Failed,10.97,0,0,3.6,15.95,0.0,C0204,2,Ctr,Central,False,0.0,0.0
DL00699,O00388,D133,V091,H02,2025-10-07 00:43:00,2026-05-14 23:12:18,OnTime,13.59,1,0,4.11,13.94,5278.49,C0292,4,North,Riverside,True,0.0,0.0
DL00700,O00027,D099,V115,H06,2025-02-26 02:22:00,,OnTime,8.6,1,0,5.0,9.3,0.0,C0024,4,Riverside,North,False,0.0,0.0
DL00701,O00440,D077,V084,H08,2024-12-03 03:36:00,2026-05-14 00:24:24,Failed,12.65,0,0,5.0,10.83,12644.81,C0032,12,East,East,True,1.0,0.0
DL00702,O00143,D104,V086,H06,2025-03-07 13:02:00,2026-05-14 13:35:18,OnTime,18.33,2,0,4.86,10.36,10392.56,C0545,24,Ctr,Central,True,0.0,0.0
DL00703,O01098,D136,V020,H06,2025-04-24 09:34:00,,Delayed,11.16,1,0,2.82,12.56,0.0,C0093,2,North,Riverside,False,0.0,1.0
DL00704,O01009,D058,V084,H08,2024-06-01 06:49:00,,OnTime,1.84,0,0,4.35,5.9,0.0,C0545,4,East,Riverside,False,0.0,0.0
DL00705,O00084,D010,V061,H03,2025-05-13 08:46:00,,Failed,15.18,2,0,4.04,12.68,0.0,C0103,4,West,North,False,0.0,0.0
DL00706,O00625,D164,V117,H08,2025-07-12 06:16:00,,OnTime,15.14,0,0,4.37,11.27,0.0,C0376,24,West,South,False,0.0,1.0
DL00707,O00514,D022,V013,H02,2025-11-12 08:13:00,,OnTime,9.89,1,0,4.15,16.04,0.0,C0280,2,East,Central,False,0.0,1.0
DL00708,O00323,D089,V035,H07,2024-11-01 15:56:00,,OnTime,7.15,1,0,4.49,3.79,0.0,C0487,4,South,North,False,0.0,0.0
DL00709,O00580,D125,V020,H02,2024-02-12 07:41:00,2026-05-14 11:17:12,Delayed,14.43,1,1,4.39,8.47,19731.6,C0461,1,West,Riverside,True,0.0,0.0
DL00710,O00262,D116,V119,H06,2024-02-28 06:22:00,,OnTime,1.39,2,0,4.12,12.47,0.0,C0265,6,Central,Central,False,0.0,0.0
DL00711,O00484,D028,V120,H08,2024-03-10 14:43:00,,OnTime,16.19,3,0,3.77,8.83,0.0,C0152,24,East,Riverside,False,0.0,0.0
DL00712,O01056,D134,V012,H07,2024-12-20 00:40:00,2026-05-14 07:55:24,Delayed,11.83,1,0,4.95,3.1,12247.26,C0203,4,East,Airport,True,0.0,0.0
DL00713,O00728,D044,V039,H03,2024-10-21 06:15:00,,OnTime,21.4,0,0,4.63,26.99,0.0,C0610,24,South,Riverside,False,0.0,0.0
DL00714,O00078,D140,V110,H04,2025-10-06 05:23:00,2026-05-14 04:38:24,OnTime,10.21,0,0,4.53,20.77,5279.26,C0434,6,West,Riverside,True,0.0,1.0
DL00715,O00621,D148,V098,H02,2025-05-15 19:44:00,2026-05-14 03:00:48,Delayed,37.21,2,0,4.05,18.77,8719.28,C0026,12,Airport,Airport,True,1.0,0.0
DL00716,O00221,D158,V074,H08,2024-10-06 05:06:00,2026-05-14 10:08:24,OnTime,3.43,1,0,3.66,8.24,14045.04,C0298,12,South,Airport,True,0.0,0.0
DL00717,O00530,D106,V016,H01,2024-03-31 08:10:00,2026-05-14 23:04:12,Delayed,28.07,3,0,4.26,17.52,18590.9,C0618,4,Airport,North,True,0.0,0.0
DL00718,O00945,D067,V081,H01,2025-11-10 15:32:00,2026-05-14 12:24:06,Delayed,9.2,0,0,2.3,15.84,4436.87,C0567,6,North,North,True,0.0,0.0
DL00719,O00138,D124,V020,H08,2025-10-02 07:02:00,2026-05-14 15:45:48,Delayed,16.1,1,0,3.88,18.38,5384.73,C0149,2,South,Airport,True,0.0,0.0
DL00720,O01179,D097,V102,H06,2025-10-13 21:10:00,,Delayed,9.37,1,0,3.0,9.84,0.0,C0207,6,Riverside,Central,False,1.0,1.0
DL00721,O00742,D086,V017,H04,2025-08-27 17:58:00,,Delayed,29.21,1,0,3.51,23.07,0.0,C0017,12,Airport,West,False,0.0,0.0
DL00722,O00289,D097,V083,H04,2024-08-24 02:33:00,,OnTime,16.76,0,0,4.24,19.9,0.0,C0574,24,North,East,False,0.0,0.0
DL00723,O00477,D050,V108,H03,2025-10-29 14:40:00,2026-05-14 19:52:30,Delayed,6.67,2,1,3.25,17.41,4733.21,C0441,2,West,Central,True,0.0,0.0
DL00724,O00024,D003,V042,H01,2024-10-10 07:43:00,2026-05-14 21:10:24,OnTime,17.9,0,0,4.76,14.39,13957.46,C0397,6,South,Riverside,True,0.0,1.0
DL00725,O01115,D140,V094,H06,2025-11-29 00:00:00,2026-05-14 20:28:00,Failed,13.65,1,0,2.1,12.34,4004.47,C0492,1,West,Ctr,True,0.0,1.0
DL00726,O00085,D045,V023,H03,2024-03-02 09:54:00,2026-05-14 02:36:42,OnTime,14.37,0,0,5.0,2.5,19264.71,C0505,4,North,Riverside,True,0.0,0.0
DL00727,O00520,D164,V080,H08,2024-07-07 13:40:00,2026-05-14 11:10:24,Delayed,5.25,0,0,3.43,3.23,16221.51,C0539,2,Central,Airport,True,1.0,0.0
DL00728,O00951,D128,V093,H01,2024-04-30 16:16:00,2026-05-14 12:49:18,Delayed,11.96,0,1,4.54,8.65,17852.56,C0199,6,East,Airport,True,0.0,0.0
DL00729,O00638,D004,V060,H04,2025-05-26 13:22:00,2026-05-14 18:46:30,OnTime,5.33,1,0,4.2,9.65,8477.41,C0257,6,West,West,True,0.0,0.0
DL00730,O00191,D170,V025,H05,2025-04-02 03:32:00,,OnTime,8.68,1,0,4.06,5.48,0.0,C0641,12,Central,North,False,0.0,0.0
DL00731,O00386,D158,V042,H05,2024-12-16 21:08:00,2026-05-14 02:20:30,Failed,18.68,3,1,3.05,12.76,12317.21,C0250,6,Central,Ctr,True,0.0,0.0
DL00732,O00748,D024,V076,H01,2025-07-23 06:45:00,2026-05-14 06:33:48,Failed,11.16,1,0,3.55,15.34,7079.81,C0412,24,West,South,True,0.0,0.0
DL00733,O00252,D009,V114,H03,2024-03-10 16:48:00,2026-05-14 13:36:42,OnTime,21.06,0,0,3.48,18.64,19076.81,C0232,1,East,North,True,0.0,0.0
DL00734,O00317,D106,V089,H02,2025-01-19 23:25:00,2026-05-14 14:31:42,OnTime,12.54,0,0,3.99,12.79,11511.11,C0094,6,Riverside,West,True,0.0,1.0
DL00735,O00190,D150,V082,H01,2024-12-28 08:40:00,2026-05-14 08:00:00,OnTime,13.27,0,0,3.68,10.58,12047.33,C0622,1,South,North,True,1.0,0.0
DL00736,O00732,D123,V100,H02,2025-06-05 11:32:00,2026-05-14 00:13:18,Failed,13.5,0,0,2.19,13.81,8220.69,C0579,4,East,Central,True,0.0,0.0
DL00737,O00247,D146,V015,H01,2024-07-13 21:14:00,,OnTime,15.68,1,0,4.03,10.54,0.0,C0613,4,East,South,False,0.0,0.0
DL00738,O01163,D071,V022,H06,2024-09-10 01:38:00,,Delayed,7.16,0,0,3.63,8.91,0.0,C0399,4,North,East,False,0.0,0.0
DL00739,O00644,D087,V078,H08,2025-11-03 10:33:00,,Delayed,7.6,1,0,3.28,15.7,0.0,C0084,6,East,Airport,False,1.0,1.0
DL00740,O00889,D029,V021,H02,2024-02-24 23:01:00,2026-05-14 20:53:48,OnTime,15.64,0,0,3.98,11.85,19437.88,C0322,4,West,West,True,0.0,0.0
DL00741,O00689,D113,V091,H01,2025-09-29 16:16:00,,Delayed,15.66,1,0,1.65,8.71,0.0,C0349,4,Riverside,Riverside,False,0.0,0.0
DL00742,O00326,D056,V033,H06,2024-11-03 10:06:00,,Delayed,13.55,0,1,2.51,15.1,0.0,C0178,12,West,West,False,1.0,0.0
DL00743,O00171,D158,V083,H03,2025-05-01 03:28:00,,OnTime,33.77,0,0,5.0,13.64,0.0,C0447,1,Airport,Airport,False,1.0,1.0
DL00744,O00899,D052,V062,H06,2025-02-04 09:43:00,,Delayed,25.36,5,0,1.64,13.11,0.0,C0440,6,Airport,Riverside,False,0.0,0.0
DL00745,O00333,D092,V072,H07,2025-03-25 06:36:00,2026-05-14 16:54:54,Failed,11.35,0,0,4.29,13.37,9970.32,C0123,6,East,Central,True,1.0,0.0
DL00746,O00431,D002,V097,H02,2025-03-29 13:29:00,2026-05-14 02:43:30,OnTime,14.4,1,0,3.32,11.96,9853.24,C0425,4,South,Riverside,True,0.0,0.0
DL00747,O00482,D008,V085,H08,2025-11-10 04:00:00,2026-05-14 22:40:36,OnTime,15.25,1,0,4.27,12.88,4458.68,C0268,6,East,West,True,0.0,1.0
DL00748,O00741,D156,V119,H04,2025-05-30 02:47:00,2026-05-14 13:17:42,Delayed,32.739999999999995,1,0,4.04,16.92,8386.51,C0552,6,Airport,North,True,1.0,1.0
DL00749,O01036,D026,V013,H06,2024-02-28 20:38:00,,OnTime,13.64,1,0,4.27,10.07,0.0,C0647,4,Central,North,False,1.0,0.0
DL00750,O00976,D156,V109,H08,2024-02-02 19:55:00,2026-05-14 06:57:00,Delayed,13.29,0,0,2.64,10.65,19955.03,C0078,24,Central,East,True,0.0,0.0
DL00751,O00234,D136,V073,H01,2025-02-19 12:33:00,2026-05-14 19:04:24,OnTime,13.68,0,0,5.0,8.76,10782.52,C0145,6,South,Riverside,True,0.0,0.0
DL00752,O00020,D069,V013,H01,2024-05-09 23:04:00,,OnTime,12.27,1,0,4.33,8.63,0.0,C0249,2,West,Airport,False,0.0,0.0
DL00753,O01139,D163,V101,H04,2024-03-05 15:46:00,2026-05-14 19:36:12,OnTime,17.13,1,0,4.6,16.29,19203.84,C0474,6,East,East,True,0.0,0.0
DL00754,O00605,D027,V023,H03,2025-03-21 15:02:00,,OnTime,1.2,1,0,4.18,7.11,0.0,C0585,1,Riverside,Airport,False,0.0,1.0
DL00755,O01073,D084,V024,H08,2024-01-05 05:34:00,,Delayed,21.74,1,0,2.22,13.13,0.0,C0047,6,Central,Airport,False,0.0,1.0
DL00756,O00112,D130,V034,H07,2024-09-16 08:59:00,,OnTime,13.07,3,0,3.11,16.72,0.0,C0051,2,Central,West,False,1.0,0.0
DL00757,O00074,D135,V002,H06,2025-10-18 14:03:00,2026-05-14 07:10:30,Delayed,12.69,1,1,5.0,6.5,4985.12,C0644,6,Riverside,Riverside,True,0.0,0.0
DL00758,O01126,D085,V043,H07,2025-05-02 17:34:00,2026-05-14 21:46:12,Delayed,21.98,4,0,2.72,17.1,9052.2,C0587,4,South,Central,True,0.0,0.0
DL00759,O01240,D012,V120,H08,2025-10-08 15:19:00,,OnTime,6.57,0,0,4.47,11.36,0.0,C0649,2,East,East,False,1.0,0.0
DL00760,O00226,D081,V030,H04,2024-07-23 14:20:00,,OnTime,12.22,0,0,4.2,14.58,0.0,C0292,24,East,North,False,0.0,1.0
DL00761,O00810,D134,V088,H04,2024-04-16 04:12:00,,OnTime,1.2,1,0,3.48,3.76,0.0,C0408,12,North,South,False,1.0,0.0
DL00762,O00864,D133,V002,H03,2024-08-04 01:29:00,,OnTime,34.77,1,0,3.95,18.48,0.0,C0246,4,Airport,Central,False,0.0,0.0
DL00763,O00837,D110,V059,H02,2024-04-18 19:06:00,,Failed,16.1,0,1,3.96,13.38,0.0,C0578,24,East,West,False,1.0,0.0
DL00764,O01187,D049,V004,H07,2025-11-17 02:29:00,,Delayed,14.53,0,0,2.42,10.58,0.0,C0451,1,North,Airport,False,0.0,0.0
DL00765,O00043,D126,V023,H06,2024-01-01 06:03:00,,OnTime,16.23,1,0,4.81,15.76,0.0,C0416,12,East,Riverside,False,0.0,1.0
DL00766,O00371,D082,V088,H07,2025-01-27 04:54:00,,Failed,10.55,0,0,2.58,13.84,0.0,C0530,4,North,North,False,0.0,1.0
DL00767,O00948,D096,V099,H02,2025-05-14 05:19:00,,Delayed,5.39,2,0,3.98,3.62,0.0,C0626,6,North,West,False,1.0,0.0
DL00768,O00800,D086,V043,H04,2024-01-29 02:36:00,,Delayed,14.84,0,0,1.74,20.01,0.0,C0032,6,South,North,False,0.0,1.0
DL00769,O00957,D038,V048,H03,2024-02-28 03:47:00,,OnTime,10.69,0,0,3.73,8.08,0.0,C0385,1,North,North,False,0.0,0.0
DL00770,O00217,D091,V077,H08,2024-01-22 08:17:00,,OnTime,29.87,1,0,4.21,17.68,0.0,C0331,24,Airport,Airport,False,0.0,0.0
DL00771,O00257,D003,V116,H01,2024-08-11 03:42:00,2026-05-14 16:26:06,OnTime,11.52,2,0,4.78,14.84,15396.74,C0128,6,South,North,True,0.0,1.0
DL00772,O01108,D135,V058,H07,2024-10-24 07:22:00,2026-05-14 22:16:24,OnTime,15.77,0,0,4.48,12.1,13622.91,C0235,4,North,Central,True,0.0,1.0
DL00773,O00080,D101,V050,H03,2025-11-13 05:00:00,2026-05-14 21:31:54,OnTime,19.65,0,0,3.41,11.72,4384.53,C0082,4,South,South,True,0.0,0.0
DL00774,O01180,D049,V032,H02,2024-09-07 21:42:00,2026-05-14 19:33:48,Delayed,26.83,1,0,4.21,12.3,14733.86,C0197,2,Airport,Central,True,0.0,0.0
DL00775,O00153,D109,V040,H05,2025-02-09 09:08:00,,Delayed,3.69,0,1,2.36,14.94,0.0,C0378,24,North,Airport,False,0.0,0.0
DL00776,O00383,D036,V069,H02,2024-11-19 17:12:00,,OnTime,15.59,0,0,4.41,14.25,0.0,C0442,4,West,East,False,0.0,1.0
DL00777,O00316,D064,V088,H05,2025-07-31 14:43:00,2026-05-14 19:27:00,OnTime,13.91,0,0,3.58,13.71,6892.73,C0094,6,West,West,True,0.0,0.0
DL00778,O00965,D143,V005,H08,2024-09-28 17:43:00,2026-05-14 06:23:06,Failed,18.34,3,0,2.96,12.7,14220.67,C0384,6,East,North,True,1.0,1.0
DL00779,O01146,D127,V048,H08,2025-11-17 05:21:00,2026-05-14 08:16:06,OnTime,6.04,1,0,4.27,15.07,4274.92,C0118,6,South,East,True,0.0,0.0
DL00780,O01202,D155,V040,H01,2024-11-14 16:31:00,,OnTime,12.72,0,0,3.64,15.59,0.0,C0459,6,East,North,False,1.0,0.0
DL00781,O00871,D082,V092,H02,2025-12-24 06:28:00,2026-05-14 08:15:54,Failed,11.59,0,0,4.6,17.88,3385.8,C0298,6,Riverside,North,True,0.0,0.0
DL00782,O00602,D019,V030,H07,2025-12-11 11:15:00,,Delayed,16.3,0,0,3.47,13.54,0.0,C0257,6,Ctr,Airport,False,1.0,0.0
DL00783,O00380,D099,V015,H07,2025-02-20 00:44:00,,Failed,8.95,2,1,1.67,16.86,0.0,C0057,6,North,North,False,0.0,1.0
DL00784,O00073,D095,V039,H05,2025-03-31 05:10:00,2026-05-14 01:35:12,Delayed,5.24,0,1,2.29,13.26,9812.42,C0331,4,Ctr,South,True,1.0,0.0
DL00785,O00726,D099,V031,H01,2024-02-05 00:29:00,,OnTime,18.6,1,0,4.22,17.03,0.0,C0284,4,Airport,Airport,False,0.0,0.0
DL00786,O00232,D083,V088,H06,2025-06-05 22:06:00,2026-05-14 04:10:42,OnTime,15.42,0,0,5.0,14.69,8214.08,C0533,6,Riverside,Central,True,0.0,0.0
DL00787,O00102,D159,V071,H06,2024-05-22 00:18:00,,OnTime,11.22,3,0,4.01,9.72,0.0,C0253,2,Central,North,False,0.0,0.0
DL00788,O00927,D108,V058,H05,2025-05-07 05:03:00,2026-05-14 15:39:06,Failed,10.39,0,0,4.32,19.57,8938.6,C0533,6,North,West,True,1.0,1.0
DL00789,O00536,D103,V031,H06,2025-11-03 11:23:00,2026-05-14 13:51:24,Failed,15.28,3,1,3.03,11.56,4610.47,C0372,12,West,Central,True,0.0,0.0
DL00790,O00628,D170,V039,H08,2024-10-26 12:51:00,,Delayed,12.25,0,1,3.68,5.21,0.0,C0056,12,Riverside,North,False,1.0,1.0
DL00791,O01047,D085,V116,H01,2025-11-10 17:11:00,2026-05-14 04:01:54,OnTime,21.48,1,0,4.67,22.23,4426.85,C0121,4,West,Riverside,True,0.0,0.0
DL00792,O00033,D106,V094,H08,2025-12-30 21:39:00,,Failed,14.69,1,0,3.2,16.8,0.0,C0471,6,North,East,False,0.0,0.0
DL00793,O00095,D119,V043,H03,2025-05-15 14:55:00,,OnTime,17.36,2,0,4.7,14.29,0.0,C0378,24,South,North,False,0.0,0.0
DL00794,O00265,D052,V079,H04,2024-05-19 02:54:00,2026-05-14 03:52:42,Delayed,12.37,1,0,1.76,17.61,17400.98,C0244,4,Riverside,South,True,0.0,0.0
DL00795,O00151,D068,V062,H05,2025-03-02 11:55:00,2026-05-14 00:58:42,OnTime,2.99,0,0,4.03,9.67,10501.06,C0446,4,West,East,True,0.0,0.0
DL00796,O00860,D139,V098,H05,2024-04-26 22:58:00,2026-05-14 15:49:18,OnTime,19.21,2,0,4.08,14.76,17944.86,C0076,2,East,South,True,0.0,0.0
DL00797,O00894,D138,V066,H01,2024-01-15 01:08:00,,Delayed,11.19,1,0,3.85,5.56,0.0,C0636,2,East,Airport,False,1.0,0.0
DL00798,O00850,D046,V073,H07,2024-07-31 22:19:00,,OnTime,12.93,2,0,4.63,14.15,0.0,C0601,6,West,East,False,0.0,1.0
DL00799,O01233,D125,V103,H04,2024-04-25 19:34:00,,OnTime,11.72,1,0,4.41,9.63,0.0,C0520,4,West,South,False,0.0,1.0
DL00800,O01147,D001,V008,H02,2024-04-20 00:58:00,,Delayed,10.59,1,0,3.41,13.12,0.0,C0165,2,South,South,False,0.0,1.0
DL00801,O00463,D151,V118,H07,2025-02-20 02:40:00,,OnTime,12.81,0,0,3.78,18.21,0.0,C0370,2,East,Central,False,0.0,0.0
DL00802,O00691,D092,V086,H08,2024-11-18 03:56:00,2026-05-14 22:24:12,OnTime,11.27,0,0,3.79,9.97,13026.47,C0532,12,North,East,True,0.0,0.0
DL00803,O00368,D080,V093,H05,2024-12-05 00:47:00,,OnTime,13.02,3,0,3.98,12.99,0.0,C0552,4,Central,North,False,1.0,0.0
DL00804,O00015,D052,V097,H03,2025-11-09 05:43:00,2026-05-14 20:46:06,OnTime,9.3,1,0,3.94,9.13,4479.05,C0300,6,South,East,True,0.0,1.0
DL00805,O00215,D033,V057,H07,2024-01-07 12:44:00,2026-05-14 01:00:00,OnTime,16.4,2,0,4.73,9.99,20580.27,C0341,1,West,West,True,0.0,0.0
DL00806,O00128,D117,V108,H07,2025-12-28 14:40:00,2026-05-14 18:53:42,Delayed,40.11,2,1,2.68,24.27,3292.23,C0611,24,Airport,Airport,True,1.0,1.0
DL00807,O00089,D103,V061,H05,2025-04-24 20:33:00,2026-05-14 18:14:00,Failed,1.2,2,0,2.8,8.46,9237.68,C0339,6,South,North,True,1.0,0.0
DL00808,O00993,D055,V009,H04,2025-06-07 23:43:00,,OnTime,10.76,1,0,4.77,9.73,0.0,C0440,24,East,North,False,0.0,0.0
DL00809,O01071,D043,V051,H05,2025-02-27 00:21:00,,Delayed,13.21,1,1,4.41,16.54,0.0,C0055,12,South,East,False,0.0,1.0
DL00810,O00116,D120,V053,H08,2025-03-09 16:49:00,,OnTime,15.23,0,0,5.0,11.22,0.0,C0452,4,North,Airport,False,1.0,1.0
DL00811,O00404,D160,V082,H01,2025-10-17 23:22:00,,OnTime,8.18,0,0,3.16,10.81,0.0,C0139,1,South,Airport,False,1.0,0.0
DL00812,O01016,D073,V059,H02,2024-06-04 00:55:00,,OnTime,23.74,4,0,5.0,11.75,0.0,C0407,6,Airport,South,False,0.0,0.0
DL00813,O00869,D144,V045,H01,2024-02-26 07:08:00,,OnTime,14.17,0,0,3.56,13.63,0.0,C0490,4,Central,Riverside,False,1.0,0.0
DL00814,O00471,D123,V060,H04,2025-06-07 15:06:00,2026-05-14 22:06:18,OnTime,8.94,0,0,3.81,12.08,8191.0,C0346,6,East,Airport,True,0.0,0.0
DL00815,O00771,D134,V119,H03,2025-07-27 23:16:00,,Delayed,13.86,0,0,2.94,18.01,0.0,C0208,6,East,West,False,1.0,0.0
DL00816,O00857,D017,V047,H05,2025-05-20 21:07:00,,OnTime,1.2,1,0,3.44,13.41,0.0,C0104,1,Ctr,West,False,0.0,0.0
DL00817,O00356,D097,V078,H01,2025-05-27 05:41:00,,OnTime,10.07,0,0,3.25,17.74,0.0,C0430,4,Riverside,Airport,False,0.0,0.0
DL00818,O01000,D035,V120,H07,2025-11-15 22:28:00,2026-05-14 01:40:48,OnTime,35.25,1,0,5.0,23.18,4299.21,C0576,6,Airport,West,True,0.0,0.0
DL00819,O00892,D142,V025,H03,2025-10-08 03:49:00,,Delayed,32.56,2,0,4.04,17.18,0.0,C0157,2,Airport,Airport,False,0.0,0.0
DL00820,O01192,D069,V030,H05,2024-12-13 17:39:00,,Delayed,30.97,2,0,3.07,21.48,0.0,C0200,2,Airport,Ctr,False,0.0,1.0
DL00821,O00424,D074,V080,H07,2025-07-11 10:13:00,2026-05-14 18:17:36,OnTime,1.9,4,0,3.85,9.03,7376.08,C0563,12,Riverside,West,True,0.0,0.0
DL00822,O00109,D084,V032,H03,2025-10-24 13:25:00,,OnTime,6.47,1,0,3.13,12.84,0.0,C0427,4,West,East,False,0.0,0.0
DL00823,O00655,D104,V114,H08,2025-11-01 16:20:00,,Failed,9.55,1,0,1.91,8.94,0.0,C0590,4,South,East,False,0.0,0.0
DL00824,O00369,D036,V080,H02,2024-10-02 13:42:00,,Failed,10.19,2,0,4.45,7.81,0.0,C0093,6,Ctr,Riverside,False,1.0,0.0
DL00825,O01004,D147,V007,H05,2024-09-21 20:08:00,2026-05-14 23:36:54,Failed,11.9,0,0,2.26,21.03,14403.48,C0056,2,Central,Airport,True,0.0,0.0
DL00826,O01087,D089,V021,H01,2025-12-14 08:53:00,2026-05-14 01:02:54,OnTime,24.56,1,0,3.83,14.2,3616.16,C0248,1,Airport,West,True,0.0,0.0
DL00827,O00079,D065,V030,H01,2025-03-10 06:56:00,2026-05-14 06:19:48,OnTime,16.9,2,0,4.87,11.29,10319.4,C0353,2,West,Airport,True,0.0,0.0
DL00828,O00879,D119,V069,H07,2025-07-04 02:40:00,2026-05-14 08:31:42,OnTime,8.27,0,0,4.79,14.23,7541.86,C0419,4,South,West,True,1.0,0.0
DL00829,O00426,D101,V008,H03,2024-09-28 15:10:00,2026-05-14 18:55:30,OnTime,7.91,2,0,3.83,6.45,14235.76,C0383,2,Riverside,Riverside,True,0.0,0.0
DL00830,O01114,D164,V071,H01,2024-12-14 00:50:00,2026-05-14 09:00:00,OnTime,11.1,2,0,4.33,10.17,12392.17,C0278,1,Riverside,East,True,0.0,0.0
DL00831,O00023,D133,V053,H08,2025-10-05 05:51:00,2026-05-14 17:27:24,Failed,15.56,0,1,2.38,10.87,5315.61,C0077,4,North,North,True,1.0,0.0
DL00832,O01143,D083,V109,H06,2025-06-16 02:45:00,2026-05-14 02:41:48,Failed,18.52,0,0,4.27,13.94,7967.95,C0467,2,Riverside,East,True,0.0,0.0
DL00833,O00712,D169,V106,H04,2025-05-26 11:52:00,2026-05-14 09:55:54,OnTime,16.28,0,0,4.22,17.55,8470.06,C0512,2,North,West,True,0.0,0.0
DL00834,O01165,D022,V099,H02,2025-12-13 07:00:00,2026-05-14 03:16:54,OnTime,15.51,2,0,4.58,9.85,3644.28,C0478,6,East,West,True,0.0,0.0
DL00835,O00188,D096,V005,H05,2025-09-09 04:34:00,2026-05-14 10:45:12,Delayed,13.48,1,0,2.68,14.25,5934.19,C0558,4,Riverside,Ctr,True,0.0,0.0
DL00836,O00206,D095,V057,H01,2025-12-10 16:47:00,,Failed,6.64,1,0,2.74,9.53,0.0,C0255,4,South,East,False,1.0,0.0
DL00837,O01092,D052,V074,H03,2025-12-10 15:10:00,2026-05-14 02:35:00,OnTime,5.31,0,0,3.76,9.42,3707.42,C0482,6,North,East,True,0.0,0.0
DL00838,O00909,D117,V103,H03,2025-01-05 03:05:00,,Failed,14.62,1,1,2.31,20.66,0.0,C0324,12,North,East,False,0.0,0.0
DL00839,O00566,D078,V096,H03,2024-04-07 01:03:00,,Failed,7.89,2,1,1.65,11.74,0.0,C0455,6,Ctr,Central,False,0.0,0.0
DL00840,O01162,D102,V106,H04,2025-06-09 11:40:00,2026-05-14 15:00:00,OnTime,7.84,0,0,4.18,13.23,8139.33,C0261,2,Riverside,East,True,1.0,0.0
DL00841,O00733,D006,V068,H02,2024-08-06 08:40:00,,OnTime,15.77,1,0,3.39,11.44,0.0,C0609,6,Airport,West,False,0.0,0.0
DL00842,O00405,D102,V114,H07,2024-02-14 12:17:00,,OnTime,5.55,1,0,3.88,8.89,0.0,C0055,6,Ctr,Riverside,False,0.0,0.0
DL00843,O00804,D138,V012,H05,2024-03-13 10:34:00,2026-05-14 16:16:12,OnTime,17.19,1,0,4.66,12.85,19013.7,C0383,24,Central,Riverside,True,0.0,0.0
DL00844,O00991,D168,V093,H03,2025-01-03 18:00:00,,OnTime,10.66,1,0,4.63,20.41,0.0,C0175,4,East,Ctr,False,0.0,1.0
DL00845,O01218,D162,V047,H05,2025-03-15 04:24:00,2026-05-14 23:14:18,OnTime,32.79,2,0,4.64,13.5,10218.84,C0065,4,Airport,North,True,0.0,0.0
DL00846,O01118,D038,V004,H03,2024-02-26 19:54:00,,OnTime,17.64,0,0,4.01,17.89,0.0,C0106,4,West,West,False,0.0,0.0
DL00847,O00134,D154,V035,H07,2024-12-22 18:38:00,,OnTime,1.46,0,0,4.09,7.98,0.0,C0010,4,South,West,False,0.0,1.0
DL00848,O00633,D080,V091,H08,2024-02-12 13:23:00,,OnTime,20.03,3,0,3.93,10.97,0.0,C0235,2,Airport,Central,False,0.0,1.0
DL00849,O00169,D160,V016,H08,2025-12-03 14:32:00,2026-05-14 00:07:24,OnTime,8.52,2,0,4.31,13.73,3873.59,C0399,4,East,North,True,1.0,0.0
DL00850,O00444,D060,V055,H05,2025-08-30 19:20:00,,OnTime,4.26,4,0,4.32,8.71,0.0,C0319,4,West,Airport,False,0.0,1.0
DL00851,O01022,D141,V053,H04,2024-03-16 17:31:00,,Delayed,2.38,0,0,3.21,3.58,0.0,C0061,24,East,South,False,0.0,0.0
DL00852,O00974,D013,V052,H03,2025-06-11 01:17:00,2026-05-14 21:30:36,OnTime,15.52,1,0,4.65,18.68,8108.23,C0071,4,East,Riverside,True,1.0,0.0
DL00853,O00178,D073,V086,H01,2024-03-30 21:03:00,,OnTime,12.77,3,0,4.19,15.35,0.0,C0287,4,East,South,False,1.0,0.0
DL00854,O00954,D099,V055,H04,2024-07-14 03:27:00,,Delayed,7.05,0,1,3.2,11.41,0.0,C0599,4,South,South,False,1.0,0.0
DL00855,O00409,D154,V076,H08,2025-01-08 12:04:00,2026-05-14 15:54:06,Delayed,7.29,0,0,3.36,13.69,11787.84,C0065,6,South,North,True,0.0,1.0
DL00856,O00223,D087,V083,H03,2025-08-10 18:09:00,2026-05-14 02:42:18,OnTime,4.19,3,0,3.82,7.91,6632.56,C0172,4,Ctr,Airport,True,0.0,0.0
DL00857,O00292,D050,V045,H05,2025-10-29 18:17:00,2026-05-14 11:21:18,Delayed,11.07,2,0,2.72,10.06,4721.07,C0060,12,Ctr,West,True,0.0,1.0
DL00858,O01075,D099,V007,H08,2024-06-26 10:08:00,,OnTime,9.72,1,0,4.34,16.21,0.0,C0260,2,East,Airport,False,0.0,0.0
DL00859,O00512,D164,V052,H05,2024-09-21 11:04:00,,Delayed,24.2,0,1,5.0,13.25,0.0,C0242,4,North,Central,False,1.0,1.0
DL00860,O00280,D026,V027,H07,2025-09-21 00:35:00,,OnTime,10.9,0,0,4.76,14.97,0.0,C0206,12,East,Airport,False,0.0,0.0
DL00861,O00381,D056,V094,H05,2024-11-29 00:04:00,,OnTime,18.99,0,0,4.91,16.77,0.0,C0420,24,East,West,False,0.0,0.0
DL00862,O00031,D165,V037,H01,2024-10-25 04:57:00,,Failed,8.4,1,0,1.41,9.28,0.0,C0573,24,East,Airport,False,1.0,0.0
DL00863,O00597,D044,V030,H01,2025-01-09 13:40:00,2026-05-14 09:19:42,OnTime,16.47,2,0,3.51,14.48,11755.66,C0238,6,North,North,True,0.0,0.0
DL00864,O00818,D135,V076,H06,2025-10-27 16:02:00,2026-05-14 01:23:54,OnTime,11.68,0,0,3.14,18.27,4761.36,C0561,1,Riverside,North,True,0.0,1.0
DL00865,O00338,D148,V042,H01,2024-12-26 06:10:00,,OnTime,7.72,0,0,3.6,16.7,0.0,C0648,6,Riverside,Riverside,False,0.0,0.0
DL00866,O00969,D096,V041,H02,2024-10-14 22:32:00,2026-05-14 02:29:48,OnTime,5.1,0,0,5.0,15.22,13827.96,C0372,2,North,Riverside,True,0.0,0.0
DL00867,O01117,D089,V079,H02,2025-06-20 01:47:00,2026-05-14 09:47:12,OnTime,23.28,4,0,3.45,11.6,7880.0,C0296,6,Airport,East,True,0.0,0.0
DL00868,O00452,D104,V100,H04,2025-11-27 11:55:00,2026-05-14 09:06:30,Failed,6.57,1,0,3.69,18.09,4029.19,C0583,2,Central,Central,True,1.0,0.0
DL00869,O00038,D118,V119,H05,2025-10-06 20:46:00,,OnTime,9.15,2,0,5.0,10.32,0.0,C0142,2,Riverside,East,False,0.0,0.0
DL00870,O00650,D078,V110,H03,2025-09-30 12:39:00,2026-05-14 21:55:42,OnTime,24.94,2,0,3.8,14.11,5433.28,C0206,6,Riverside,Airport,True,1.0,0.0
DL00871,O00715,D037,V047,H01,2025-06-17 16:20:00,2026-05-14 03:48:06,OnTime,9.43,0,0,4.03,16.6,7931.47,C0477,6,Riverside,North,True,1.0,0.0
DL00872,O00144,D120,V001,H03,2025-11-03 22:12:00,,Delayed,15.53,1,0,3.54,11.71,0.0,C0063,4,Riverside,Central,False,0.0,0.0
DL00873,O00401,D049,V107,H07,2024-06-22 12:48:00,2026-05-14 19:08:42,OnTime,10.68,0,0,3.77,10.34,16590.34,C0252,24,East,Airport,True,1.0,0.0
DL00874,O01012,D006,V088,H02,2025-03-08 05:38:00,2026-05-14 05:25:36,Delayed,10.15,0,1,2.81,12.54,10367.79,C0532,1,Riverside,Ctr,True,1.0,1.0
DL00875,O00189,D018,V052,H06,2025-11-22 08:49:00,2026-05-14 14:04:00,OnTime,11.7,0,0,4.44,11.84,4157.25,C0388,4,North,North,True,0.0,0.0
DL00876,O00609,D161,V035,H04,2024-09-15 07:47:00,,OnTime,5.01,0,0,4.72,14.22,0.0,C0621,12,East,East,False,1.0,0.0
DL00877,O01193,D061,V087,H04,2025-04-18 00:35:00,,OnTime,4.93,0,0,4.08,10.71,0.0,C0519,6,East,Central,False,0.0,0.0
DL00878,O00629,D164,V016,H06,2024-10-04 07:36:00,,OnTime,5.77,0,0,4.7,10.43,0.0,C0368,6,Riverside,South,False,1.0,0.0
DL00879,O00139,D033,V013,H02,2025-09-15 19:42:00,,Delayed,9.42,1,1,3.94,10.97,0.0,C0545,2,West,Airport,False,0.0,0.0
DL00880,O00273,D047,V098,H04,2025-02-28 02:41:00,,OnTime,7.39,0,0,4.49,9.91,0.0,C0642,24,Central,West,False,0.0,0.0
DL00881,O00632,D127,V032,H01,2024-08-09 22:03:00,,Delayed,12.77,5,1,3.32,11.86,0.0,C0611,1,Central,Central,False,1.0,0.0
DL00882,O01151,D039,V036,H03,2024-06-26 13:58:00,,OnTime,3.86,0,0,4.76,7.4,0.0,C0100,12,South,North,False,1.0,1.0
DL00883,O00917,D101,V077,H02,2024-04-07 15:38:00,2026-05-14 05:34:36,Delayed,11.42,0,1,2.31,14.58,18397.94,C0027,6,Ctr,Central,True,0.0,0.0
DL00884,O00407,D056,V105,H01,2025-02-23 07:26:00,,OnTime,12.58,1,0,4.81,14.99,0.0,C0575,12,West,Ctr,False,0.0,0.0
DL00885,O00675,D126,V073,H06,2024-02-19 20:14:00,,OnTime,15.92,0,0,4.37,16.87,0.0,C0445,24,Riverside,North,False,1.0,0.0
DL00886,O00968,D050,V094,H02,2024-11-21 05:45:00,,Delayed,1.2,2,0,3.45,10.2,0.0,C0529,12,South,Central,False,0.0,0.0
DL00887,O00577,D155,V097,H02,2025-06-09 23:14:00,2026-05-14 19:26:30,OnTime,29.9,0,0,4.18,18.94,8132.21,C0641,2,Airport,East,True,0.0,1.0
DL00888,O01129,D055,V027,H07,2025-03-23 16:39:00,2026-05-14 16:34:36,Failed,11.78,2,0,3.61,7.64,10007.93,C0292,6,North,Airport,True,1.0,0.0
DL00889,O01172,D105,V002,H08,2024-09-17 20:42:00,,Failed,7.09,0,1,4.37,11.81,0.0,C0383,4,North,Riverside,False,1.0,0.0
DL00890,O00384,D103,V020,H03,2024-01-01 16:28:00,,Delayed,9.61,0,0,3.51,9.44,0.0,C0469,4,Ctr,Central,False,1.0,0.0
DL00891,O00963,D013,V077,H07,2025-06-06 13:03:00,,OnTime,9.94,0,0,4.61,14.44,0.0,C0528,24,North,East,False,0.0,0.0
DL00892,O00392,D163,V115,H07,2025-11-24 12:15:00,2026-05-14 18:34:12,OnTime,9.31,1,0,4.42,14.7,4110.32,C0356,6,East,Riverside,True,0.0,0.0
DL00893,O00981,D062,V023,H05,2025-01-11 23:09:00,2026-05-14 12:13:30,Delayed,25.18,1,0,4.52,10.11,11701.08,C0597,24,Airport,Riverside,True,1.0,0.0
DL00894,O00724,D094,V120,H06,2025-11-18 10:15:00,,Delayed,25.57,0,0,2.58,20.64,0.0,C0317,4,Airport,North,False,0.0,1.0
DL00895,O01157,D068,V023,H07,2024-07-08 22:06:00,,OnTime,17.68,1,0,4.43,9.26,0.0,C0012,1,Riverside,East,False,1.0,0.0
DL00896,O00177,D042,V023,H06,2025-12-25 05:07:00,,OnTime,11.26,1,0,4.39,12.49,0.0,C0477,6,North,West,False,0.0,0.0
DL00897,O00672,D084,V043,H07,2025-01-04 00:01:00,,OnTime,33.64,2,0,4.06,29.43,0.0,C0567,24,Airport,Riverside,False,0.0,1.0
DL00898,O00283,D088,V047,H07,2024-05-26 17:54:00,,Delayed,10.44,3,0,3.85,17.21,0.0,C0430,6,North,West,False,0.0,0.0
DL00899,O00549,D129,V040,H08,2025-08-14 11:47:00,,OnTime,5.78,2,0,3.72,9.14,0.0,C0119,6,East,West,False,0.0,0.0
DL00900,O00199,D039,V053,H07,2024-10-02 14:11:00,2026-05-14 06:29:18,OnTime,12.4,0,0,5.0,8.44,14128.3,C0595,12,North,North,True,0.0,1.0
DL00901,O00730,D099,V067,H05,2025-09-19 11:31:00,,OnTime,13.94,1,0,3.7,13.05,0.0,C0353,1,East,East,False,0.0,0.0
DL00902,O00018,D015,V047,H06,2024-03-08 23:03:00,,OnTime,17.27,0,0,5.0,12.37,0.0,C0506,6,North,Riverside,False,0.0,0.0
DL00903,O00130,D130,V051,H03,2024-01-11 00:41:00,2026-05-14 13:51:48,OnTime,19.22,4,0,3.42,14.82,20509.18,C0259,6,Central,Airport,True,0.0,0.0
DL00904,O01102,D160,V112,H04,2025-08-19 06:18:00,,OnTime,32.81,0,0,4.79,16.84,0.0,C0323,4,Airport,West,False,0.0,1.0
DL00905,O01020,D028,V013,H04,2024-10-23 02:30:00,2026-05-14 04:29:42,Delayed,30.71,1,0,3.81,18.26,13634.0,C0321,2,Airport,South,True,1.0,0.0
DL00906,O01229,D168,V110,H08,2025-05-27 01:11:00,,Failed,18.6,1,1,2.35,16.73,0.0,C0399,1,East,Riverside,False,0.0,0.0
DL00907,O00884,D096,V103,H08,2024-04-17 02:46:00,2026-05-14 08:07:36,OnTime,3.96,0,0,3.59,16.11,18173.36,C0339,6,Central,West,True,1.0,1.0
DL00908,O00145,D088,V042,H03,2024-11-02 11:50:00,,OnTime,10.05,1,0,5.0,14.53,0.0,C0595,12,North,Riverside,False,1.0,0.0
DL00909,O01204,D033,V001,H02,2025-08-13 17:56:00,,Delayed,10.35,2,0,2.77,8.9,0.0,C0498,1,East,Central,False,0.0,0.0
DL00910,O01002,D071,V005,H04,2024-06-14 09:09:00,,Delayed,26.61,1,0,4.05,16.25,0.0,C0607,12,West,West,False,0.0,0.0
DL00911,O00806,D004,V119,H01,2025-04-17 16:52:00,,OnTime,13.69,0,0,4.33,14.98,0.0,C0622,12,North,Central,False,0.0,1.0
DL00912,O00355,D011,V095,H02,2025-10-11 00:12:00,,Delayed,21.47,2,0,3.69,9.33,0.0,C0006,4,Riverside,Riverside,False,0.0,0.0
DL00913,O00239,D096,V081,H04,2024-05-18 06:34:00,,OnTime,12.6,1,0,3.49,15.18,0.0,C0399,4,Ctr,Central,False,0.0,1.0
DL00914,O00270,D157,V006,H05,2025-10-26 17:01:00,,OnTime,10.96,0,0,4.41,15.03,0.0,C0561,4,West,Central,False,1.0,0.0
DL00915,O00873,D004,V047,H03,2024-11-28 13:17:00,,OnTime,9.84,0,0,3.99,16.74,0.0,C0015,6,North,South,False,1.0,1.0
DL00916,O01100,D036,V049,H03,2025-08-01 15:41:00,,OnTime,22.62,1,0,4.95,17.14,0.0,C0239,4,Airport,East,False,0.0,0.0
DL00917,O00700,D077,V102,H05,2024-01-13 04:19:00,,OnTime,12.76,0,0,4.06,9.47,0.0,C0443,4,West,West,False,0.0,0.0
DL00918,O00645,D097,V086,H08,2024-12-26 21:17:00,,OnTime,10.63,1,0,4.21,10.43,0.0,C0517,6,South,Central,False,1.0,0.0
DL00919,O00763,D139,V097,H04,2025-12-26 20:25:00,,OnTime,5.38,2,0,5.0,10.53,0.0,C0020,4,East,Airport,False,0.0,1.0
DL00920,O00686,D133,V034,H03,2025-01-05 15:05:00,2026-05-14 10:59:24,Failed,5.08,1,1,3.09,4.15,11851.91,C0476,6,East,South,True,1.0,0.0
DL00921,O00332,D063,V108,H08,2025-01-04 02:49:00,,Failed,6.36,0,0,2.34,9.47,0.0,C0110,12,North,Riverside,False,0.0,1.0
DL00922,O00399,D112,V090,H07,2024-03-08 19:10:00,,Delayed,12.65,5,1,3.39,14.07,0.0,C0644,4,Central,Airport,False,0.0,1.0
DL00923,O00047,D071,V012,H03,2025-11-28 04:59:00,,OnTime,19.03,0,0,4.7,16.28,0.0,C0220,2,West,North,False,0.0,0.0
DL00924,O00717,D155,V027,H01,2024-12-12 23:23:00,2026-05-14 04:50:18,OnTime,15.39,0,0,4.6,15.3,12413.46,C0508,4,East,South,True,1.0,0.0
DL00925,O00003,D041,V100,H02,2025-09-02 16:59:00,,Delayed,13.04,2,0,3.7,13.16,0.0,C0161,4,West,Airport,False,1.0,0.0
DL00926,O00574,D031,V046,H03,2024-05-03 03:01:00,,OnTime,14.82,2,0,4.64,15.12,0.0,C0110,6,Riverside,North,False,1.0,0.0
DL00927,O00335,D152,V077,H01,2024-01-26 03:48:00,,OnTime,5.36,0,0,5.0,13.63,0.0,C0482,24,North,Airport,False,1.0,0.0
DL00928,O00100,D023,V101,H05,2025-10-30 22:51:00,,Failed,12.72,0,1,3.15,21.6,0.0,C0300,6,Riverside,North,False,0.0,1.0
DL00929,O00935,D033,V090,H05,2024-09-14 12:29:00,2026-05-14 01:45:00,OnTime,15.41,0,0,4.51,15.11,14557.27,C0404,12,East,East,True,0.0,0.0
DL00930,O00586,D016,V022,H07,2024-03-31 08:04:00,,OnTime,9.03,0,0,4.04,9.23,0.0,C0421,12,Central,West,False,1.0,0.0
DL00931,O01171,D006,V062,H08,2024-12-18 03:47:00,,Failed,16.08,1,0,2.2,13.75,0.0,C0508,6,Riverside,Ctr,False,1.0,0.0
DL00932,O01225,D080,V082,H04,2025-12-27 03:21:00,,OnTime,8.94,0,0,3.18,11.22,0.0,C0074,24,North,Ctr,False,0.0,0.0
DL00933,O01133,D032,V009,H02,2025-12-23 12:04:00,,OnTime,12.66,1,0,3.83,14.09,0.0,C0318,24,East,West,False,0.0,1.0
DL00934,O00775,D071,V080,H02,2024-03-05 11:50:00,,OnTime,20.86,0,0,4.35,10.59,0.0,C0068,12,Riverside,Central,False,0.0,0.0
DL00935,O00211,D107,V012,H08,2024-02-14 07:33:00,2026-05-14 00:31:18,Failed,32.42,4,0,3.9,14.69,19672.97,C0488,6,Airport,East,True,0.0,0.0
DL00936,O00372,D087,V098,H03,2025-01-29 15:05:00,,OnTime,5.84,2,0,4.74,11.21,0.0,C0536,2,South,Riverside,False,0.0,0.0
DL00937,O00001,D047,V090,H01,2024-08-20 16:29:00,,OnTime,26.65,2,0,4.29,15.82,0.0,C0292,6,Airport,South,False,0.0,0.0
DL00938,O01246,D132,V109,H03,2024-04-04 03:20:00,,Failed,36.94,0,0,2.58,20.16,0.0,C0198,4,Airport,North,False,0.0,1.0
DL00939,O00417,D007,V076,H01,2025-01-10 17:25:00,2026-05-14 08:01:54,OnTime,1.2,0,0,4.17,11.3,11726.62,C0486,4,South,Riverside,True,1.0,1.0
DL00940,O00565,D133,V066,H04,2025-07-01 17:56:00,,Delayed,16.19,1,0,2.58,7.05,0.0,C0600,1,North,South,False,0.0,0.0
DL00941,O00592,D125,V044,H03,2025-05-06 03:42:00,2026-05-14 05:21:18,OnTime,13.31,1,0,3.8,13.15,8953.66,C0563,2,Riverside,East,True,0.0,0.0
DL00942,O01112,D013,V027,H04,2024-09-24 04:28:00,,Failed,12.99,1,0,4.06,16.82,0.0,C0301,2,East,West,False,0.0,0.0
DL00943,O00967,D087,V082,H01,2024-03-17 17:18:00,2026-05-14 14:16:00,OnTime,5.06,2,0,4.57,8.9,18908.97,C0343,6,North,West,True,0.0,1.0
DL00944,O00336,D009,V067,H06,2024-01-10 06:09:00,2026-05-14 20:19:54,OnTime,16.01,2,0,4.04,12.32,20534.18,C0115,6,West,Ctr,True,1.0,1.0
DL00945,O00197,D075,V074,H03,2025-01-24 05:04:00,,OnTime,8.74,1,0,4.39,12.97,0.0,C0420,2,North,East,False,0.0,1.0
DL00946,O00982,D069,V058,H04,2025-10-28 08:18:00,,OnTime,10.68,1,0,4.62,19.6,0.0,C0616,4,East,North,False,0.0,0.0
DL00947,O01082,D129,V019,H04,2024-10-25 15:52:00,2026-05-14 23:40:42,OnTime,10.8,0,0,4.13,11.79,13591.81,C0530,24,Riverside,West,True,0.0,1.0
DL00948,O00863,D155,V111,H07,2025-09-17 19:05:00,,OnTime,11.02,0,0,4.82,9.38,0.0,C0274,12,Riverside,West,False,1.0,0.0
DL00949,O01106,D060,V005,H02,2024-02-28 01:58:00,,OnTime,11.36,0,0,4.05,20.13,0.0,C0175,12,East,Ctr,False,1.0,0.0
DL00950,O00744,D024,V014,H02,2025-04-23 05:31:00,,OnTime,15.82,0,0,3.8,16.73,0.0,C0146,6,East,Riverside,False,1.0,0.0
